target_sentence,source_sentence
"Este post fue publicado primero en Afribuku, blog sobre cultura africana contemporánea.","Aka uñart ’ äwix nayririx akawjtuqin Afribuku, uñacht ’ ayatäna, cultura africana contemporánea uñart ’ äwi."
Esto es lo que llamamos la inundación de los cinco años.,Uk nänakax phisqa mara qutachrantaw sutiyapxta.
17 trozos de sabiduría de Nelson Mandela que todos debemos leer,Nelson Mandelan 17 tama arunak taqin ullarapxañäni
"Incluso después de que el conflicto terminó la policía, siguió lanzando gases lacrimógenos contra los manifestantes pacíficos que volvían a sus casa, lejos del ayuntamiento.","Ukjamat tukuyipanx pallapallanakax gases lacrimógenos ukampix illapt ’ as antutaskakinw arsusirinaktuqixa, ukatw jupanakax utanakapar kut ’ xapxana, jach ’ a tantachäw jayana."
"Sin embargo, el equipo de Wikitongues es cauto al no referirse a los diferentes idiomas como mayoritarios o minoritarios en el sitio web, y les dan igualdad a todos sin importar el número total de hablantes que haya en el mundo.","Ukjamipansti, qutucht ’ ata Wikitongues ukax juk ’ anakats jila arunakats janiw arsuñ sitio web ukanx munkiti, ukat jupanakax uraqpachan janiw qawqhas arsurinakax uk munapkiti, jan ukax khuskhat taqpachanir ch ’ amanchapxi,"
"La ley tiene aplicación en el mar territorial y la zona económica exclusiva uruguaya, y prohíbe la caza, persecución, apropiación, pesca o sometimiento a procesos de transformación a cualquier cetáceo.","Kamachix lamar quta jak ’ ankirinakatak ukat economia uruguaya ukanakatakkikiwa, wallinanak tilfinanak jiwayaña, arknaqaña, katuña ukanakax jark ’ t ’ atäxiwa, janiw kuna lurawinakas utjañapakiti sasa."
El partido es tu abuelo y tu madre.,The party is your grandpa and mother.
Erwin C. en el blog The Latin Americanist citó a una de las madres que participa en la huelga de hambre:,Erwin C blog Latino Americano uka tuqinkiriw mä huelga lurir mamaru jawsayawayi:
Los habitantes de Gaza se quedaron despiertos toda la noche mientras Israel continuaba bombardeando el enclave palestino.,"Palestina thiyar bombamp churt ’ asipkäna. Ukatxa, paypachaniw, Gazamp Israelamp, ninamp churt ’ asipxäna."
http://youtu.be/pC4avU3W5bU,http: / / youtu.be / pC4avU3W5bU
"Paralelamente, en África, varios dialectos de la familia bantú, de similar predominio, no están presentes en los aparatos móviles.","Ukhamaraki, África markanx, familia bantú walja dialecto ukanakaw ukham apnaqataxa, janiw apnaqkay aparatos ukanakankiti."
Bajo la etiqueta #yocuidolavida se pueden revisar más opiniones y reportes de la jornada.,# nayax sum jakañax uñjta ukhamarakiw sapa jaqin arunakap jichhurutx thaxtasispäwa.
"* Foto en thumbnail por Phil Guest, publicada bajo licencia CC Licence BY-SA 2.0.","* Jamuqa Phil Guest, aka CC Licence BY-SA 2.0 tuq qhanstayata."
"No se deben bloquear las nuevas tecnologías, y no se debe castigar a los innovadores por las acciones de los usuarios.",Machaq tecnologias uñt ’ atanakax janiw jark ’ t ’ atañapakiti. Apanaqirinakan (usuarios) machaq uñstayäwinakapax janiw yanqhachatakaspati.
En la imaginería católica es común que se represente traspasado por varias flechas y atado a un árbol.,(Católica imaginaria) ukan yatitaw walja mich ’ iñanakamp quqar ñach ’ añtat uñjasi.
"Según la prensa iraní, varios perros fueron confiscadas recientemente y trasladados ""temporalmente a la cárcel"".","Ukjamaw prinsa iraní siwa, walja anunakaw jichax katuräta ukat apapxarakiw “juk 'a pacha jist 'antañataki ”."
Fue juzgado en secreto y sentenciado el pasado abril a cuatro años de prisión.,Jamasat juchanchata juchancht ’ ataw pasir pusi ur saraqkipan qasaw paxsit watañ utar jist ’ antata.
Fotografía de Wadaana.,Aka jamuqax Wadaanan apsutawa.
Cada vez más y más aquí.,Sapakutiw akanxa.
Todas las imágenes han sido republicadas con su autorización.,Taqi ukanakax jupan iyawsatapxaruw qhanar apsuwayataraki.
"Ella tranquiliza a los niños diciéndoles que todo está bien, y que estarán a salvo dentro del salón de clases, y recordándoles que mantengan sus cabezas agachadas.","Jupaxa llamp ’ utatayiwa chuymanakapxa taqikunas walikiskaniw sasina, janiw kunas aka yatiqañ uta manqhanxa atkaniti sasina, amt ’ ayasina jan winkt ’ atata sartaphañapataki."
¿Cuál es?,¿Kawkirisa?
Infobae publicó un Storify con más reacciones desde Twitter.,Infobae juk ’ amp amuyüwinakamp mä Storify Twitter ukan uñacht ’ ayi.
"@GabiManducaa: Che Cristina, che Cristina, que amargada se te ve, el papa no es kirchnerista, que carajo vas a hacer? #LaBarraDelPapa","@ GabiManducaa: Che Cristina, che Cristina, wali llakitaw uñjastaxa, papax janiw kirchneristakiti, kunsa lurata? # LaBarraDelPapa"
"Como colofón a un gran día, se realizó la presentación del premio Breaking Borders: léase el siguiente informe.","Uka urusti tukuyawayxarakiwa, Breaking Borders paylläwinakarakiw (premios) lurasiwayi: akayatiyäwi ullart ’ apxasma."
@habibh: #Gaddafi amenaza a su propio pueblo en la televisión con penas de muerte …,@ habibh: # Gaddafix jiwayawimpiw markpacharu aka telivision tuqi axsarayiwa …
Después de la manifestación se llevó a cabo una conferencia de prensa y el alcalde se comprometió a ampliar 10 días el plazo para que el público haga sus comentarios.,Uka sartasiw makiptatatx mä conferencia de prensa ukaw utjäna ukanx alcaldex 10 uru suyt 'añani markachirinakan arst 'äwinakap ist 'añataki sasaw arst 'awayi.
"Por otro lado, LSO escribió una entrada breve en su blog, donde se refiere a Videla como un ""digno oficial y soldado que cumplió la misión que le impuso su honor.""","Ukampirusa, blogupanw LSO mä jisk ’ a mantäwin qilqt ’ iwa, ukanx Videlat arst ’ i ""wali suma pallapalla kunti chuymapax siskan lurañx uka lurawayiwa."""
http://vimeo.com/32219379,http: / / vimeo.com / 32219379
¡Todos pensábamos que ya estaba muerto! #Libia,Taqiniw jiwataxpachaw sasin lup 'iskayatana! # Libia.
"Antes de la reunión, nuestro equipo publicó varios artículos sobre temas de desarrollo a servir como contenidos para los debates semanales en su web (#OECDgfd)","Janir tantachaw qalltasaxa, nanakax aka walja qillqatanak aka desarrollo uksat yatiyawayäpta ukham amtasiwayi kunatix ukanakax contenidos web uksanwa (# OECDgfd) qillqi."
Wikipedia aparece en Shughni,Wikipedia Shughni arun utxi
"Por lo menos, una persona murió y cinco quedaron heridas el 29 de marzo en un gran incendio en la planta de energía térmica de Vuhlehirska en el pueblo de Svitlodarsk en la región ucraniana de Donetsk.","Ucraniana de Donetsk uksan Svitlodarsk markanx planta de energía térmica de Vuhlehirska uksanx 29 uru achuqa phaxsit nina aqtäwiw utjatayna, ukatx mayniw jiwata, ukat phisqha usuchjataw utji."
Los artistas y los músicos de la calle amplían su público cuando se topan con los medios ciudadanos.,"Thakhi artistanakax ukhamarak jayllirinakax uñch ’ ukirinak jilanchayapxi, kunawsatix mistupxi."
Perú: detienen a periodista medioambiental en Cajamarca,Perú: Cajamarca markanx medioambiental yatiyiriruw (periodista) jist 'antapxi
"Por su parte, el subsecretario de Comunicacions, Manuel Quezon III, preguntó a la Iglesia Católica, que exhortó al pueblo a asistir a la acción masiva, por qué se quedó callada durante el mandato de la expresidenta Gloria Arroyo.","Sasaw sawt ’ asïna. Urjarusti, subsecretario de Comunicacions, Manuel Quezon III jupax Iglesia Catolica ukarux jikxatasin jikxatasin fiskt ’ iwa, markachirirux unxtasiwitakix ch ’ amanchtawa, kunawsatix Gloria Arroyo jupax nayrir irpirikan ukjax amukiw sasa."
"Ahora, estos colonos reclaman una gran parte de Borodalupara.",Jichhasti aka colonunkirinakax mä jach ´ pach uraq Borodalupara mayipxi.
Peña Nieto agradeció la hospitalidad a través de su cuenta de Twitter (@EPN):,Peña Nieto jupasti Twitter cuentapanw (@ EPN) jallallt 'awayi:
"De inmediato me enamoré del sitio al leer los posts que había y su razón de ser. Vi el link para colaborar como traductor y dije: ""de aquí soy"".","Ukatx jank 'akiw uka sitio ukan qilqatanak ullarta; ukatsti link ukan mä arut yaqha arur jaqukipañ yanapirinak munask uk uñjta ukat jista: ""akatat nayaxa""."
Las siguientes dos imágenes fueron enviadas al bloguero 7anthala:,Jutïr payïr jamuqanakax bloger 7anthala-r apayatänwa:
"Es una fiesta contagiosa, que sorprende con sus impresionantes carros alegóricos, cuerpos esculturales y sonrisas interminables, la gente no para de bailar y festejar..","Wali thuquntkayawa, wali suma k ’ achacht ’ at carros alegórico-nakampi, k ’ acha janchinakampi ukhamarak k ’ uchirt ’ äwinakampi, jaqinakax janiw sayt ’ apkit thuquntas k ’ uchirt ’ asa.."
"El asalto ha tenido una resonancia particular para los sirios, ya que la ciudad de Hama fue escenario de uno de las más horrendas masacres de la historia moderna.","Jaljatawix mayjt ’ ayawiyiw sapa mayn sirionakan amuyunakapa, masacres kunatix Hama markax uñjasiwayiw aka pachax jach ’ jach ’ a mulljawina."
Solamente hablaba de esto con mi familia.,Wila masinakampikiw arst`asiñarina janiw yaqha jaqir arst`añajakanti.
"Berlín reconoció sus subculturas creativas como parte de su identidad e historia, que ahora actúan como impulsadores clave para el turismo y la economía.","Berlin markax sarantawinakapan sarantawinakaparuw jupanaka sarawipanakjama iyawsawayi, jichhax jupanakax nayrar turismo y economia uka sarantayañatak walpun irnaqasipki."
Aviso 24-0,yatiyäwi 24-0
"Y para terminar, los tributos más inesperados...",Qhipharux mayja thuqhunakaw utji...
Venezuela: Amuay en caos tras explosión de refinería de petróleo,Venezuela: Amuay ukax refinería de petróleon phalläwipamp jan walt 'ayatawa
En artículos sucesivos presentaremos una mayor cobertura de las reacciones de los cibernautas y los análisis realizados desde Argentina y Latinoamérica.,Aka yatiwinakax uñachtapxi kunjam cibernautanakax aka yatiw katupxi ukat Argentina markata ukat Latinoamérica uñakipat lurapxta.
Post de Bernardo Parrella publicado originalmente en Global Voices Books.,Post qillqatax Bernardo Parrella jupan Global Voices Books ukan uñt 'ayatawa.
"Todavía recuerdo bien el incidente: un niño de cinco años con su pijama, deambulando por el antiguo centro comercial City en Kuala Lumpur.","Anchhitkamax janiw armaskt kunajamansa: mä phisqa maran lluqal wawa ikiñatak isthapita, jan kawkir sarañ atis nayra centro comercial City, Kuala Lumpuran uñnaqt ’ asa."
"Fuzhóu, Fujian","Fuzhou, Fujian"
"Después de cuatro horas, hay cambios en el ministerio.",Ukat pusi pacha makiptatatx ministerio ukan turkakiptäwinakx utji.
Los tres estamos trabajando en las traducciones de Global Voices Aymarata.,Kimsanpachax Global Voices Aymarata ukanw jaqukipaw lurt 'asin chikancht 'asipxta.
Más y más filipinos están participando en las operaciones de rescate:,Juk ’ amp juk ’ amp filipinonakaw riskatista ukjamamp yanapt ’ asipxi:
"Varios cibernautas peruanos denunciaron represión policial durante una protesta realizada el 5 de diciembre en Lima, contra el proyecto minero Conga en Cajamarca.",Perú markankir cibernautanakax 5 uru jallu qallta phaxsin Lima Cajamarca marakan Conga qhuya amtar janiw sas qhuru arump kutiyas sartasipk ukanakar pulisiyanakan yanqhachawipatw uñt 'ayapxi.
Acá algunas de esas imágenes:,Akaw yaqhipa jamuqanakaxa:
Esto es lo que Oscar Montezuma pregunta en el blog Blawyer.,Akx Oscar Montezuma jilaw blogupan Blawyer jiskt 'asi.
Se espera que este año la asistencia sea igual o mayor.,Aka maranx waljan chikancht 'asipxañapaw suyt 'ataski.
Enorme multitud en la protesta.,Jach ’ a jach ’ a arst ’ äwi.
Se trata de personas que encuentran información y la comparten.,Akax yatiyäw jikxatirinakata ukat chikacht ’ asinipxi jupanakata yatisi.
"El 29 de mayo, alrededor de 160 niñas terminaron en hospitales después de un ataque con gas en su escuela.",29 uru llamayu phaxsitxa niya 160 imill wawanakw qullayasiñ utan uñjasipxataya yatiqañ utan gas uka yanqha jachayir qullamp yanqhata.
"El 28 de julio es la Independencia de Perú y este año, además, el día en que Ollanta Humala juró como nuevo presidente.","Aka maran 28ni uru willka kuti phaxsitx Independencia de Perú ukaw amtasi, ukampirus, uka ururakiw Ollanta Humala tatax machaq irpirjam iyawsawayi."
Los nombres se cambian por números y esto nos hace ajenos a la tragedia.,"Ukhat payir kutin apasinsti taripatañapatakix, wastat khitanuqxapxarakitana."
"Fachada del Centro de Estudios Avanzados de Puerto Rico y el Caribe en la Calle del Cristo, sede del Comité Organizador de las Fiestas de la Calle San Sebastián y donde se podían encontrar libros, artesanías, comida y diferentes actividades.","Fachada del Centro de Estudios Avanzados de Puerto Rico ukat Caribe en la Calle del Cristo, sede del Comité Organizador de las Fiestas de la Calle San Sebastián uka phunchhawinw pankanakas manq ’ añas artisaniyanakas ukat kunayman luratanakax jikxatañjamanxa."
"Eddie Avila es el director del proyecto de Global Voices, Rising Voices.","Eddie Avila jilax Global Voices, Rising Voices uka amtanakan irpiripawa."
También tenemos noches de cine con peliculas creative commons- por ejemplo exhibimos el documental Pirate Bay.,"Ukjamats arum uñch ’ ukiñanakas películas creative commons ukampix utjapxarakituwa, akjamata Pirate Bay ukatw uñjapxañani."
"Además de investigar sobre la aparición de medios ciudadanos “curadores ”, es decir, ciudadanos que actúan como“ corresponsales de guerra ” con la difusión de información.","Ukampirusa markanakan medios “curadores ” ukjam uñstatapatx yatxatañawa, akasti, akjam sata, markachirinakax chaxwat yanapt ’ asisaw yatiyaw mirantayas irnaqapxi."
De @muntingprinsipe,De @ muntingprinsipe
¿Quién preparó el plan?,Khithis ukham wakichapacha?
"Adolfo Perez Esquivel (@PrensaPEsquivel), Premio Nobel de la Paz, escribió en su cuenta de Twitter:","Adolfo Perez Esquivel (@ PrensaPEsquivel), Premio Nobel de la Paz, Twitter cuentapan qilqt ’ i:"
"Si confiaras en un experto ""darfurés"" basado en el conocimiento...",Ukjaw kuntix lurkaspax ukanaka uñxsnaxa...
Lo siento tanto.,Cibernautanakax wali kulirataw
Cómo se puede invertir y crear valor?,Akax llakiwa.
"En ese sitio, también informan acerca de las protestas en todo el mundo en solidaridad con sus pedidos.","Uka chäqanxa, ukhamarakiw taqpach uraqit arst ’ awinak yanapt ’ k mayïwinakapar yatiyapxi."
"Otras veces, es algo que en los medios no se está hablando mucho.","Yaqhip pachanakanxa, janiw yatiyawinakax yatiyawtuqis yatiskiti."
Soko observa:,"Soko, jupasti sanirakiwa:"
Se dice que nadie conoce realmente a una nación hasta que está dentro de sus cárceles.,"Sapxiwa janiw khitis chiqpach uñt ’ kit aka markxa, jan watañ utat mistsina."
También se registraron fuertes movimientos en las ciudades de Chiang Mai y Chiang Rai en Tailandia.,"Ukatxa Chiang Mai, Chiang Rai ukjamaraki Tailandia markanakanxa uraq kjathatix utjawayakipunitaynawa."
"Por favor, ¡pasa la voz, revisa el sitio web de Global Voices Books y participa!","Amp suma, ¡sapxam yaqhinakaru, uñakipt ´ am sitio web Global Voices Books ukat participapxama!"
"Una decisión que él denomina ""un fuerte soplo en favor de los derechos humanos y el control civil de la milicia"".","Uka amtarux sutinchiwa, mä derechos humanos ukatx civil de milicia jall ukham sutinchata ""."
"Hasta ese momento, seguirá siendo un Kayser Soze. #Libia","Jichhakamaxa, mä Kayser Soze ukakiskaniwa. # Libia"
Nos comentó cómo se adentró en el campo del mapeo de tuiteos indígenas y micro-blogs alrededor del mundo.,Jistuwa kunjams mapeo tuiteos indígenas ukan ukhamarak micro-blogs uraqpachan uñt ’ ayañar chikanchasi taqi ukanaka.
Imagen de @SorayaSM,Imagen de @ SorayaSM
Estas son algunas de las fotografías tomadas por los estudiantes y subidas a la cuenta en Flickr de la Universidad.,Akaw yatiqirinakat jamuqanak apsutaxa akacuenta Flickr de la Universidad ukan apakatata.
"Aquí estaremos durante 2012, dando a conocer y hablando de las costumbres y noticias del mundo así que sintonizadnos y sobre todo decidnos qué os gustaría escuchar.","Walikiwa, 2012 marpachan internet-an aka uraqpach yatiyäwinakat aruskipaskañäni, ukjamarak jan jithiqtamti, ukat kuntï ist 'añ munktä ukat yatiyapxapinita."
"La misiva, publicada por el diario Folha de S. Paulo, refiere:",Paula akjam saw diario Folha qillqkatawayatayna:
Protestas innovadoras.,Mayja uñakipkay arst ’ äwinaka.
"Foto de Piti A Sahakorn, Derechos de autor @Demotix (3/3/2013)","Foto de Piti A Sahakorn, Derechos de autor @ Demotix (3 / 3 / 2013)"
Festival Marrabenta 2013. Afiche publicado en afribuku.,Festival Marrabenta 2013. afribuku uka uñt 'ayat afichi.
"A pedido suyo, no usaremos su nombre en este artículo.",Jupax janiw sutix aka qillqtawin aytapxatati ukham mayt`awayi.
Lograrás más en este mundo a través de actos de bondad que a través de actos de represalia.,"Aka pachanx suma chuymampikiw kuns jikxatasma, janiw kuns ñanqhachañ chuymanpix kuns jikxatkasmasti"
"""El dólar debe caer""","""Ch 'uxña qulqix iraqtañapawa"""
- Periodo de participación.,- Chikanchasiñataki.
¿Cómo supiste de Global Voices y te animaste a involucrarte en su quehacer?,"Kunjamatas Global Voices ukat yatta, ukatx chikancht 'asiraktasa?"
"Además, Oumar participa en Ségou Villages Connection, uno de los proyectos a los que RV presta su apoyo y que se inició en 2011.","Ukampirusa, Oumar jilax Ségou Villages Connection ukan chikanchasi, RV uka amtaruw yanapt ’ i, 2011ni maran qalltawayi."
"@elgatoninja: Lo importante no es que paren los secuestros, matanzas o muertos de hambre. Que nos digan Colombia en vez de Columbia, eso es lo importante.","@ elgatoninja: Aka jiwatanakaxa, jayar irpatanakata, jan sum jakasiñaxa ukax janiw anchhitax askiti jan ukax Colombia ukaw sapxam mumapta jan Columbia sañ munapkti, ukaw askixa."
Estos días los monjes budistas han salido a luchar contra el avance de las inundaciones.,Jilïr irpirinakax jan walt 'äwinakat pä tunk phisqan provincia-w t 'aqhisisipkaki sasaw sapxäna.
"Además, desde 2012, el sistema chino de pensiones está en crisis, con un déficit de 2,9 billones de dólares.","Ukhamarakiw, aka 2012 maranxa, awk tayk payllawix manuruw mantaski2,9 waranq waranq lip ’ ichiru."
Para estar actualizado suscríbete al blog Blogger Swarm o sigue a nuestros tutores y su lista de pupilos en Twitter.,"Taqikunat yatt 'ayataskañatakix Blogger Swarm blog-ar qilqt 'ayasima, jan ukax Twitter-an yanapt 'irinakasar mentors and mentees list arktam."
Participación:,Kunjams mantsna:
Argentina logra su primera medalla de oro en Londres 2012,Argentina markax Londres 2012 ukatx nayrïr quri medalla jikxatawayi
"Pero las actividades públicas, como la firma de una petición, talleres y seminarios comunitarios exigiendo al gobierno detener la construcción de la represa se intensificaron en las últimas semanas.","Ukampisa markachir luräwinaka, kamisa chimpu rixintaw ramawi, kunjamanis uka uñst ’ awinakamp mayipxasin marka apnaqirinakarux uma qut luraw sayt ’ ayawix qhipa simananakax uka mayiwix wal miranti."
"Continuando la polémica, el bloguero Tunecino Ahmed Medien añadió:","Ch 'axwäwix sarantaskakiwa, Tunecino Ahmed Medien bloguerux yapxat 'anwa:"
"Sin embargo, es frágil, mayormente no está escrita y es vulnerable al olvido.","Ukatsti, p ’ akintasikiriwa, jilpachax janiw qillqatakiti, ukat armasitakixiwa."
"Libia no ha reconocido Kosovo, otra razón más para apoyar a Gaddafi.","Libiax janiw Kosovorux utt ’ asiñ munkatanti, ukax juk ’ amp Gaddafirux ch ’ amañchatayna."
"La petición pide la ""liberación inmediata e incondicional"" del bloguero.",Uka mayiwinx mä pita antutataxpan ukwa mayipxi.
Símbolos usados como distintivo durante las actividades tradicionales y el trabajo comunal.,Aka uñanchäwinakax kunayman wakichäwinakan ukhamarak markan irnaqäwipan apnaqasi.
Laura Yabrun (@LambreLau) escribe:,Laura Yabrun (@ LambreLau) qillqt 'iwa:
"Diego Andrés Gonzales Rioja – Gerente del Proceso del Estatuto Autonómico, Asamblea Departamental de Cochabamba (@asambleacbba)","Diego Andrés Gonzales Rioja – Gerente del Proceso del Estatuto Autonómico, Asamblea Departamental de Cochabamba (@ asambleacbba) ukata"
"Foto:Calé, publicación autorizada","Jamuqa: Calé, qhanstayäwix yatiyatawa."
"@YatsarEl: Un lugar donde los viejos sueños se están haciendo realidad, donde la gente trabaja duro y sonríe mucho.","@ YatsarEl: aka tuqin munawinakax jicchax lurasiniwa, jaqinakax ch ’ amampix irnaqasipki ukat walpun lart ’ asipxi."
"31 de octubre de 2012: Cristina, Mario y Gabriela traducen el post al catalán, alemán y español, respectivamente.","31 taypi sata phaxsit 2012 marata: Cristina, Mario ukat Gabriela qillqäw catalán, alemán ukat español arur jaqukipapxi."
Este incidente le recordó a muchos observadores el ataque de 1979 en la embajada de Estados Unidos en Teherán.,Aka jan walt 'awix embajada de Estados Unidos Teherán markan 1979n maran utjakan ukwa amtayi.
Militante talibán pakistaní escribe carta abierta a Malala,Militante talibán pakistaní jupax Malala ukatakiw mä carta abierta qillqt 'i
Sobre el deporte,Jalanuqiwtuqita
"El toque final para terminar un fin de semana respirando, viviendo y sintiendo marrabenta.","Akaw siman samsus tukuyañataki, marrabenta. jakas ukhamarak ist ’ asa."
Ahora ya es proactivo.,Ukampirus jichhaw wakisi yanapañasaxa.
Fernando Dorado escribe sobre la conveniencia de extender el cese al fuego:,Fernando Doradox mä conveniencia aka ch ’ axwawitak qillqawayi:
"Saran Kaba Jones (@sarankjones), defensora del derecho al agua potable y emprendedora social, dijo que es triste pero no sorprendente:","Saran Kaba Jones-ax (@ sarankjones), q ’ uma umat arxatiri ukat imprintirur susyalax sänwa llakiwa ukampins janiw sustjasiñjamakiti:"
La policía usó gas lacrimógeno entre las calles Ingavi y Yanacocha (La Paz).Foto de @jesus_alanoca via Twitter,La policía usó gas lacrimógeno entre las calles Ingavi y Yanacocha (La Paz) .Foto de @ jesus _ alanoca via Twitter
He aquí un fragmento de los tuits de #saudiwomenrevolution,akaxay mä p ’ akintawi utjkis tuqi # saudiwomenrevolution
Ahora han puesto algo así como un dibujo o una señal en ese muro para evitar que nadie añada más grafitis.,Jichhax mä jamuqham uka pirqarux uchapxi jan khitis grafitinakamp yapt ’ añapataki.
Sugerencias de los blogueros,Blogueronakan amtanakapa
"Ante eso el periodista convocó a una contra manifestación, lo que terminó en enfrentamientos.",Ukjamakipansti yatiyirix yaqhanakaruw jawsthapïna ukatx purapatw ch 'axwthaptapxäna.
Trabajadores bolivianos protestan en busca de mejores jubilaciones,Boliviankir irnaqirinakax aski jubilación uka jikxatañatakiw mayisipki
"Mientras que las protestas se intensifican, el 14 de mayo maestros y mineros detonaron dinamita en las calles de La Paz en medio de manifestaciones.","14 uru aka llamayu phaxsitx yatichirinaka, qhuyan irnaqirinakax La Paz jach ’ a markan kallinakanapanx walpunw ninamitas ukanak phallayapxäna."
"Para quienes han estado anteriormente en una manifestación en China, tendrán tendencia a decir: ¿dónde están los despreciables policías?...","Khitinakatix nayririnx China markanx arsusipxan jallukanakatakiwa, jupanakasti yäparjamaw sapxani: kawkinkapxis uka jan wali pallapallanakaxa?"
"¡El cerebro puede averiarse! ""","The brain will breakdown! """
"Las protestas continuaron por parte de los marchistas indígenas para detener la construcción de una autopista que atraviesa el TIPNIS, el Parque Nacional y Territorio Indígena Isiboro Sécure, tal y como Global Voices informó previamente.","Qhurut arsusiwinakax utjaskakiwa, indijinanakax kayuk jutasipkakiw janiw jach 'a thakhix luraskaspat sasina, TIPNIS ukarux janiw walt 'aykaspatai sasina, uka Parque Nacional ukat Territorio Indígena Isiboro Sécure, ukhamwa Global Voices ukax yatiyawayi."
"Debido a los caminos dañados, los rescatistas y grupos de apoyo no pudieron acceder a estas comunidades.",Kunjamatix thakinakax yanqhachat jikxatask ukatjam riskatistas jupanakax jan ayllunakar puriñ atipkiti.
"Dicho post tiene que ser original, es decir, de creación del propio bloguero, no copiado de otra fuente.","Aka post ukax urijinalañapawa, jisnawa kawkiris chiq jupank uka blog tuqina, janiw kupiyatañapakiti yaqha fuintinakatxa."
El proyecto es una de las inversiones en infraestructura de China en Myanmar.,Lurawix Myanmaran Chinan qulq uskuw yänakanawa.
"A mi nadie me contó,yo estaba allí, había paz y llegaron los pacos con el guanaco sin haber provocación. #marchadetodaslasmarchas — Nish (@DenisseNish) March 22, 2014","Nayarux janiw khitis yatiykituti, nayax ukankayatwa, ch 'ujtawikiw utjana janiw kuna jan walt 'awis uñjaskiti. # marchadetodaslasmarchas — Nish (@ DenisseNish) March 22, 2014"
"Así, esperamos mostrar más luz de la humanidad que oscuridad y desolación.",Ukhamat chuymar qhanart ’ ayirkamaki uñist ’ ayasirakini.
Se pudo ver la transmisión en vivo aquí.,Akanw uñacht ’ ayawix uñjasina.uñacht ’ ayawix uñjasina.
Pueden seguir su debate bajo la etiqueta #QRBolivia.,Ukch ’ añkamax # QRBolivia uñt ’ at sutitx aruskipasax sarantasipkakismawa.
En el podcast podrás encontrar fantástica música bajo el sello Creative Commons.,Isch 'ukiñanx walja suma Creative Commons jayllt 'äw ist 'asma.
"Chris Moya, SpainRevolt y el ciberactivismo","Chris Moya, SpainRevolt ukatx ciberactivismo uka"
"Al poco rato, me enseñaron a manejar las herramientas en Global Voices Aymarata, lo cual me parecía muy interesante y un poco complicado.","Ukat mä juk ’ a pacharux Global Voices Aymarata uka apnaqañ yaticht ’ awayapxakirakituwa, ukax wali askinwa ukat mä juk ’ ch ’ amjamarak ukhama."
México: Tribunal Supremo ordena a tribunales civiles encargarse de abusadores militares,México: Tribunal Supremo ukax tribunales civiles ukanakaruw jan wali militaranakar uñjapxañapatak p 'arxtayi
"Pero el clamor público aumentó despúés de que un informante identificara a la empresaria Janet Lim-Napoles, de quien se presume ha conspirado con los legisladores para embolsarse 10 mil millones de pesos filipinos (unos 22 millones de dólares) a través del fondo.","Ukatx mä yatiyirix Janet Lim-Napoles irnaqayiriruw uñt ’ ayana, ukatx markachirinakan arsusiwinakapax yapxattanwa, ukansti, amuyataw legisladores ukanakmpix 10 waranqa waranqanak qatuqañataki, akasti filipinos qulqina (22 waranqa waranqa ukha ch ’ uxña qullqinaka) fondo uka imata qullqita."
"Es difícil de conseguir, ya que exprimir las cañas de azúcar cuesta mucho trabajo.","Janiw jikiñjamakïti, kañat ch ’ umsuyatawa, ukat wali ch ’ amaw lurañaxa."
"Por desgracia, los hábitats de las aves se encuentran amenazados por la agresión de los proyectos inmobilarios y la rápida destrucción del medio natural.",Maysatx pachpankir jamach 'inakax jan walt 'äwin jikxatyasipxi kunalaykuti proyectos uka luraw amtanakamp jan walt 'ayat uñjasipxi.
Muchos sobrevivientes se están quejando de que los paquetes de ayuda ofrecidos por el gobierno todavía no les han llegado.,"Ukan jakaskirinakax yanapawitx kijasipxiwa, janiw gobiernotx kunas jichhakam purinkiti sasa."
"Incluso han pensado en utilizar serrín para absorber el petróleo, pero cuando lo tiraron al agua se lo llevó el viento.",Ukhamarakiw serrin uksa warantapxatäna petróleo ch ’ amsuñapataki kunawsatix umar warantapkatan ukhax thayakirakiw apasxatäna.
"Foto: Calé, publicación autorizada","Jamuqa: Calé, jupan uñstayawipax yatiyatawa."
"El poeta y escitor cubano Antonio José Ponte, que también participó en la conversación, sostuvo esta idea.","Arawiku qillqiri tata Antonio José Pontex, aka aruskipawinxa chikañchasiwayarakitaynawa, akjam sasinrakwa arst ’ awayatayna."
@TalhaZareef: mi mamá me acaba de decir que el #WaterKit es real y que la demostración lo comprueba.,"@ TalhaZareef: mamajax situwa # WaterKit chiqaw ukax akax uñacht ’ ayasiwa, ukat qhanastayasiwa."
Y el investigador Marc Owen Jones cuestiona:,Marc Owen Jones yatxatirix jiskt ’ iwa:
Estar juntos por siempre.,Wiñayatak chikt 'ataña.
"Segundo, hagamos que nuestros niños regresen al colegio.","Payïrinxa, wawanakasa yatiqañ utar kutt ’ ayapxañani."
"Como sea que se diga, se debería referir a puntos de referencia.. ¡no acciones...!","Kunjamsay sapxpan, jan ukasti kunjamsa nayraru sartsna uka lup ’ ipxaspan nayraqatpachxa ukaw wakisi.."
"Laura Chinchilla, la presidente constitucional de Costa Rica ha firmado la Declaración de libertad de Internet.","Laura Chinchilla, jilïr irpir constitucional Costa Rica markatx Declaración de libertad de Internet ukwa rixuntawayi."
"Nace la solidaridad entre las personas y los vecinos invitaban a comer noquis, (que era siempre considerada comida para los pobres) a las familias más grandes.","Yanapt ’ asiñanakax qalltanwa; jaqinakamp jak ’ an jakirinakampix ñoquis uka manq ’ añw walja phamilyanakarux churapxana (pisin jakirinakan manq ’ apa, ukjam uñt ’ ata)."
"Será enterrado en una tumba, a diferencia de muchas de sus víctimas, arrojadas al mar desde un avión.","Cementeryunw allintatäni, mayjanw jupan walja jiwkatayat jaqinakanxa, khitinakati mä lata jamach ’ it lamar qutar jaqtatapxäna."
Nota: El presente artículo fue publicado originalmente en la web de Derechos Digitales.,Qillqa: aka jiccha qillqa yatiyawix nayrïrpachax web Derechos Digitales ukan uñacht ’ ayatawa.
Puedes expandir la infografía acá.,Aka inphugrafiyanx jach 'aptayasmawa akana.
"Mikuláš Huba, ecologista y MP reelecto, escribió:","Mikuláš Huba, ecologista ukat MP ukan wasitat ajllitaxa, qillqi:"
Votando por las siete maravillas naturales de África,Áfricataki paqallqu maravillas naturales ukatak chhijllasa
"El que quiera puede opinar, debatir, proponer.",Khitis amuyunakapx arsukispawa.
Añadió que lo que hizo el acusado cae bajo la jurisdicción de las leyes federales.,Dubai ukan pallapallanakax arst ’ awitw uñt ’ ayapxi:
Aquí está una de ellas:,Akax mayirï ukaxa:
¿Empezamos con las buenas noticias?,Aski yatiyawinakampit qalltapxtana?
¿Qué es esto...?,¿Kunas akaxa...?
La decisión provocó protestas en todo el país y principalmente se organizó un plantón alrededor del palacio presidencial.,Aka amtawix sartasiwinak markpachan kawsawatayna ukatx aka palascio presidencialax wali jark ’ aqt ’ atarakinwa.
"La región, ""el corredor de Nacala"", es del tamaño de Suiza y Austria juntas.","""Corredor de Nacala ” ukax, Suiza, Austria ukch 'aw jaqthapitaxa."
La evidencia no sustenta esa afirmación.,Uka amuyux janiw qhananchkit chiqatapa.
Es uno de los programas más populares en la televisión panameña y las reacciones en torno a su posible candidatura no se hicieron esperar.,Kunayman partidos ukanakax niyaw electores ukanakar payïri chhijlläw electoral ukar mantañ amtanakap uñt ’ ayxapxi.
"Foto: Calé, publicación autorizada.","Jamuqa: Calé, qhanstayawix yatiyatawa."
"Sin embargo, su viaje no ha sido bien visto por algunos blogueros.",Ukampirus ch 'usasiwipax yaqhip bloguerunakatx janiw suma uñjatakanti.
Pero la campaña no ha estado libre de críticas o bromas.,Ukhamrak aka campañax janiw criticanakat ukat sawkak qhispiyäsikiti.
"El título de este artículo se tomó del blog Mértola, en el que Carlos Viegas escribe que Milagrário Pessoal es:","Blog Mértola uka qilqatan qilqatawa, Carlos Viegas jupax Milagrário Pessoal es ukxat qilqi:"
"La ansiedad se cierne sobre ciudad Calbayog de Samar, pues las provisiones están escaseando; se ve pánico al comprar en la mayoría de las tiendas de comestibles.","Llakisiñax Calbayog de Samar uka markxankiwa, yanapawix pist ’ atawa; manq ’ añanak alasiñax jilpachax alxañ utanakanx llakin uñjatawa."
Nosotros lo celebramos.,Nanakax amtapxtwa.
"Creo que alguien está luchando con los municipales de Teherán: un día alguien hace un grafiti y, al siguiente, lo borran.",Amuyt ’ atatx manyiw municipalidad tuqit Teherán markan nuwasiski: kunatix mä urux mayniw mä grafiti luri ukat qhiparux pichxataw uñstxi.
El interrogador se rehusó a quitármelas.,Jiskt 'irix aparañ munitäna sasa.
María Mercado es una estudiante y voluntaria que trabaja con comunidades indígenas.,"Maria Mercado-x mä yatiqirirak ukat yanapirirakiwa, khithiti patankir jilat kullakanakampiw irnaqi."
"En apenas pocas horas, nueve personas en tres continentes, cinco países y siete ciudades han colaborado para difundir la historia del ""Grito de resistencia de los guaraní Kaiowa"" al mundo en portugués e inglés.","Juk 'a pachanxa, kimsa continentenakata, phisqha suyuta (países) ukat paqallqu jisk 'a markata jaqinakax yanapt 'asiniwapxi ""Grito de resistencia de los guaraní Kaiowa uka sarawxata"" uraqpachana portugués ukat inglés aruna."
"A pesar del peligro del calor extremo, muchos padres llevaron a sus bebés.",Pacha wali junt ’ ürximïpans awki taykanakax wawanakap ichupxänwa.
"Elysium, la película ambientada en el año 2155 protagonizada por Matt Damon y Jodie Foster, asesta una puñalada al sistema de asistencia sanitaria en Estados Unidos, y también ofrece una visión del sistema inmigratorio del país si se lleva a cabo una reforma integral.","Elysium, aka película-x 2155 markar uñtas jamuqt 'atawa, ukatax Matt Damon ukatx Jodie Foster, Estados Unidos uksa markaruw mays ch 'akhuntkasph ukjam luri, ukjamarak uksa markar irnaqir saririnakatw mä amuyt 'aw kamachinakax phuqhasiskit janich ukanaw uñacht 'ayi. mayacht 'at lantikipawinaka."
Hubo talleres y presentaciones de herramientas técnicas y estrategias de organización.,"Ukat uñañcht 'äwinakas yatint irnaqäwinakas ukat kunjamas wakicht 'aña, ukatuqinakat utjäna."
(VIDEOS),(WITIYUNAKA)
"Cuando una lengua no se utiliza, esa lengua muere "".","Kunapachati, mä arux jan arsutax ukhax uka arux chaqtxaspawa """
Lo último que se ha agregado es una difusión por radio en vivo de los discursos y lemas.,Qhip qhipax uxurit yatiyäwiw arst ’ äwinakatampit amuy arst ’ awinakampitaw apkatataxa.
Música de lucha,Ch ’ axwäw qhachwa
La gente acá necesita toda la ayuda que puedan recibir.,Akanx jaqix taqi kast yanap muni.
"Pero, de ser necesario, es un ideal por el que estoy preparado a morir.",Mandelax jaytawayiwa wali amuyt ’ at arunaka.
"En el blog 24-Mamfakinch se publicó el siguiente vídeo en el que aparecen unos individuos no identificados, intentando supuestamente forzar una urna electoral tras el cierre del colegio y antes de que se iniciara el recuento.","Blog 24-Mamfakinch ukax mä witiyu ukw uñt ’ ayi, ukanx mayanakax sapaki yaqhipansti walja ukhamaw uñjasi, urna electoral ukar jan walt ’ ayas yant ’ awimpi, niya qalltar ukahamarak niya tukuyaru."
A menudo me confundía cuando estaba tratando con los comerciantes.,"Mä qhawkharakiw juyranakajax aljasirïta, kunatix janiw aljañ yatkayäti."
"Aquí, este proceso fue utilizado para crear un curso digital.","Akana, akax mä digital yatintäw uñstayañatakiw apnaqatäna."
Política,Pulitika
@MajedAbusalama: Nuestra moral está alta en Gaza.,@ MajedAbusalama: Gazan moralasax jach ’ askiwa.
"Ozgur Gurbuz, de Estambul, dice:","Ozgur Gurbuz, Estambul ukatxa, arst ’ iwa:"
"Estábamos hablando de temas especializados, y lo hacíamos en pidgin de Nigeria.",Yatintat yatintäwinak pidgin de Nigeria markat aruskipaskapxata.
"La siguiente lección musical nos enseñará a saludar a las personas en suajili, la cual es la lingua franca o lengua común en la mayor parte del este de África.","Jutïr t 'aqa jaylliwix suajili, uksan jaqinakar aruntasiñ yatichistäni, jilpacha aka Africa tuqinx lingua franca jan ukax lengua común ukhamawa."
"Entre las partes sobresalientes de su nota, la ex ministra Chacón señala:",Ex ministra Chacon jupasti qilqäwipanx uñt ’ ayiwa:
La víspera del lunes mostró un cierto augurio del agradable regalo que estaba por llegar.,Qatar markachirinakarux mä juk 'a yalluw purxatt ’ awayatayna.
El plan era exportar la energía generada en esta planta hacia China.,Aka luräwimpix munatanw kallisay China marakar apayañataki.
La acción de protesta se mantuvo en pie.,Ukats unxtasiwix kayut uñjatakiskanwa.
"Y bueno, pueden encontrar a Janet acá y también en Twitter claro.",Janetarux akan jikxatapxasma ukakipkarakiw aka Twitter ukans jikxatapxasma.
"@rrcoalition: El gobierno paga 44 millones de dólares por software de Microsoft y, al mismo tiempo, afirma que está a punto de declararse en bancarrota.","@ rrcoalition: Marka apanaqirix 44 waranq waranqa dólar-anak software de Microsoft-aru paylli, ukatx qulqiw jan uthxanit sarakiwa."
Cuéntanos más sobre ti:,Jumapachpat juk ’ amp jist ’ awayapxita:
Las organizaciones campesinas fueron excluídas completamente del diseño de las políticas y del proyecto.,Ukatx tantacht ’ at markachirinakax aka política uka wakichäwitx jaqsutapuniw uñjasipxi.
"""Las batidas son ilegales""Imagen publicada en el grupo en Facebook"" Soy Colombiano ""","""Las batidas son ilegales"" Imagen publicada en el grupo en Facebook ""Soy Colombiano"""
El mismo día me contactaste y el resto es historia.,Ukürpachaw chikanchasta.
"De acuerdo a un informe del gobierno, 125.348 familias (602.442 personas) se vieron afectadas por la tormenta.",Jilir irpiripan yatiyawiparjamax 125.348 wila masi (602.442 jaqiw) uka tormentan jan walt 'ayat jikxatasipxi.
"Pero también, la Patagonia es un destino para quienes quieran recorrerla en bicicleta, como es el caso de los blogueros de La Vida de Viaje, quienes van relatando todo su trayecto, aventuras y desventuras a través de su blog:","Ukampirus Patagonia uksachiqarux khitinakati sarañ munapk ukanakax wisiklitats purt ’ apxarakispawa, kunjamati La Vida de Viaje ukan bloguerunakapax blogunakapan kuna aski yatiyäwinakas jan ukax jan aski yatiyäwinakas qillqt ’ apxi:"
Jaja.. Sí que me interesa la gastronomía pero no cocino tanto como me gustaría. Me interesa mucho probar comidas de diferentes países.,"Jaja.. gastronomía ukax wali askiwa, may may markanakat manq 'anak mallt 'añax wali askiwa, ukampirus janiw nayax anch phayirikti."
Seamos positivos en esto.,Taqinis akatx nayrankañasawa.
Han pasado 42 años para que los acusados fueran sometidos a juicio.,42 maranakaxiwa tumpatanak taripur apañataki.
El status quo es más fácil y cómodo.,Yaqhipanakax yanapañs munapkiti.
Confirmo que nadie en #Libia puede confirmar nada por el momento acerca de Khamis Gaddafi,Janiw khitis # Libia markan Khamis Gaddafi ukan jiwatapatx chiqaw siskaspati
Las muertes chinas informadas y los números de casos no tienen sentido.,"China jaqi jiwatanaka, chhuxi usu aviar uka usuninak mayjakiw jan jamakiw amuyt`añaxa."
Ella entró rápidamente en la cultura popular generando conversaciones y discusiones sobre muchos temas...,Ukatawa jank ’ aki markanakaru ch ’ iqitatawayi wal jaqinakar parlayasa taqi kasta parlawinakata.
Una foto que muestra a una pequeña niña cargando a su hermano bebé en un salón de clases causó conmoción en el ciberespacio chino el mes pasado.,"Walpin chuymax ch ’ allxtitu, kunatix mä jamuqawa, mä yatiqañ utan mä jisk ’ a imill wawar jisk 'a asu wawa icht ’ at uñast ’ ayi."
imagen compartida por Gustavo Streger (@gstreger) en Twitter.,imagen compartida por Gustavo Streger (@ gstreger) en Twitter.
Los mejores 10 barrios chinos en el mundo,Uraqpachan 10 barrio chino utjatapa
"Kevin corrige el post, y queda publicado en el sitio de Global Voices en inglés.",Kevin qillqat uñt 'ayatya askicht 'i sitio Global Voices inglés uka aruna.
¿Dónde están las ratas y los roedores?,¿Kawkhankis pä kayun achakunakaxa?
¡Los amo!.,Ch 'amañchasisipkakima!.
"Algunos de los residentes, que han vivido en estos barrios durante décadas, han construido granjas para su propia subsistencia, mientras que otros han tratado de ganarse la vida recogiendo y vendiendo chatarra.","Yaqhip jakasirinakax, walja maranakaw uka jisk ’ a markan jakasipxatäna, kunatix jupanakax pachpa uywa uyunak lurasipxatäna uka tuq jakasiñataki, yaqhipanakasti thatha yanak apthapisarakiw jakasipxi ukhamat uk aljasasisas jakasipxaraki."
"Bob Boorstin afirmó que internet no es un lugar sin fronteras — si cruzas los límites, las leyes cambian — y también expuso su creencia de que los monopolios tecnológicos no duran.",Bob Boorstin jupax arst ’ iwa internet ukax janiw qurpanikiti (fronteras) — maysar amkiptasma ukax kamachinakax mayjt ’ iwa — ukharusti monopolios tecnológicos ukax janiw wiñayakiti sasin arst ’ i.
"Mierda, esto va para largo. http://twitpic.com/42m3bt",Ukaxa janiw kunatakikisa. http: / / twitpic.com / 42m3bt
¡La policía no ha arrestado ni a un solo responsable!,"Ukat, janiw pallapallanakax mayni juchansa jist ´ antawaykiti."
La agencia estatal de noticias siria (SANA) publicó una declaración de inmediato diciendo que las autoridades sirias ofrecían su más sentido pésame a las familias de los fallecidos y al pueblo turco.,Agencia estatal de noticias siria (SANA) makiw mä declaración uskutayna akham sasa autoridades sirianakax jiwat jaqinakat wilamasinakar ukat turco markarur pésame churapxäna.
Imagen del usuario de Flickr Taro Taylor (CCBY).,Image by Flickr user Taro Taylor (CCBY).
"@draddee: Gaddafi pide que se formen comités sociales para proteger los valores, la ética y las costumbres de la sociedad #Libya","@ draddee: Gaddafi: markachirinaka tamacht ’ añataki ukjamata jupanakax arxatapxañapataki, aski sarnaqawinaka Libia markachirinakaxa uk mayiwayatayna"
No hay nada como un cambio en el clima para hacer que la gente hable.,Qatar: Mä ch 'aqa jallu purjatt 'awix wal kusisiyi
Foto grupal de la Cumbre 2012,Taqpach Cumbre 2012 ukan chikanchasirinakan jamuqapa
Bolivia: comunidades divididas por consulta sobre carretera TIPNIS,Bolivia: TIPNIS uksan thakhi lurasiñapatak jiskt 'aw utjataplaykux markanakaw t 'aqxtatapxi
"Lo puedes descargar en los tres formatos de siempre: PDF (3,1 MB) Mobipocket (2 MB) ePub (2,4 MB)","Kimsa formatos ukanw apaqasma (descargar): PDF (3,1 MB) Mobipocket (2 MB) ePub (2,4 MB)"
"Foto de Piti A Sahakorn, Derechos de autor @Demotix (3/3/2013)","Foto de Piti A Sahakorn, Derechos de autor @ Demotix (3 / 3 / 2013)"
¡La financiación!,¡Yanat ’ äña!
Martha Valencia Intimayata escribe:,Martha Valencia Intimayata kullakan qilqt ’ ata:
"O sea, quien no está informado es el ciudadano en sí mismo. ”",Khistis jan yatiyaw ist ’ iriki.
"En el post del 12 de marzo del 2012, explican:",Post 12n uru achuqa 2012n maratx uñt ’ ayiwa:
"Las personas celebraron la victoria sin olvidar a Hussein Mousavi, líder de la oposición encarcelado.","Jaqinakax Hussein Mousavi ukar jan armasaw amtapxi, oposición p 'iqt 'irix mutuñ utan jist 'antatawa."
Colombia: Una visita a la reserva indígena Karmata Rua,Colombia: Karmata Rua-r Saräwisa
…¡Y ahora nuestro primer libro electrónico ya está disponible también en español!,… ¡Jichhax libro electrónico ukax español arun utxi!
"Grecia, Alemania y el dedo medio de la Venus de Milo","Grecia, Alemania y el dedo medio de la Venus de Milo sata"
Los médicos egipcios han estado en huelga parcial desde el 1 de octubre.,Egipcios ukan qullirinakax 1 uru taypi sata phaxsit sayantapxi.
"Foto del usuario de Flickr marissa_strniste, bajo licencia Creative Commons (CC BY 2.0)","Foto del usuario de Flickr marissa _ strniste, bajo licencia Creative Commons (CC BY 2.0)"
También pueden utilizarse como protección de los malos espíritus.,Ukakipkarakiw kunayman jan walinakat jark 'aqasiñatakis apanaqata.
Restos de tronco y tan sólo un pozo donde la gente tira la basura.,Uka alayan uñjask uka jamuqax niya kumsa phaxsiw apsutaxi.
"Esta solución mediada por tecnología, sostiene, puso fin a la corrupción asociada a la distribución de fertilizantes:","Aka askichäw tecnologíamp pampachata, fertilizantenak ñanqhachäwimp churäw tukt ’ ayiwa:"
El capítulo boliviano de Wikimedia reunió a los editores y lectores locales de Wikipedia por primera vez.,"Boliviano Wikimedia ukax nayrïr kutiw Wikipedian qilqirinakataki, ullart 'irinakatak jikthaptaw wakt 'ayawayi."
Todo aquel que levante un arma sera castigado con pena de muerte.,Kjititixa armanaka aptkani ukaxa jiwayawimpi juchapa mutuyataniwa.
"Progreso, Wanchaq).","Progreso, Wanchaq) uksatuqina."
- Los videos tendrán entre 3 y 5 minutos de duración.,- Witiyunakax 3 ukat 5 k ’ ata (minutos) ukhaw waraqt ’ atañapa.
Capítulo 3.,3ir T ’ aqa.
"Lo que me impactó es cómo una bloguera puede recibir 50 latigazos, por dar las informaciones, eso me parece muy mal.","Wal muspayitu kunjamti mä bloquerax yatiyawinak uñt ’ ayas 50 jawq ’ aw katuqki ukaxa, ukax jan walipuniwa."
"Actualmente, hay cerca de 138 millones de personas en Rusia y muchos creen que si ese número cae por debajo de 100 millones, Rusia no podrá funcionar como país industrializado.","Jichhapachax Rusia-n niya 138 waranq jaqiw utji, ukat waljaniw lup 'ipxi, kunati uka jakhüwiti niya 100 waranqar juk 'aruchanixa, Rusia-x janiw nayrar mä jach 'a markjam sartañ atkaniti."
Un padre en la concentración con su hija.,Father rallying with his daughter.
"De éstas, 1.2 millones fueron en inglés, 620.000 en Pidgin, 2.2 millones en Hausa, 854.000 en Yoruba y 344 en Igbo.","Akanakatxa, 1.2 waranq waranqanakaw ingles aruna, 620.000 Pidgin-nana, 2.2 waranq waranqanakaw Hausa, 854.000 Yoruba ukhamarak 344 Igbo."
"Esto ha hecho aumentar la salinidad, alejado muchos pájaros y producido daño permanente al ecosistema.","Ukjamarakiw jalluqarax waljapti, aka jamachinakaru ukjamaraki markarux jan wali lurawayi."
Los organizadores de la convocatoria dicen que aproximadamente un 90% de los ciudadanos participaron en la protesta.,The rally organizers said that approximately 90 thousand citizens participated in the protest.
"Cerca de 11,000 candidatos, entre ellos siete bloggers, postulan a 218 escaños en la asamblea.","Niya 11,000 candidato, ukankiw paqalqu bloggers, asamblean 218n escaños ukataki."
Global Voices y el poder de nosotros,Global Voicesamp ukat jiwasan ch 'amasampi
Lo más leído en 2010,2010 maran jilpach ullart ’ ata
"Dice que un escolta shabiha fue asignado a cada soldado nuevo, para asegurarse de que no desertara.","Jan soldad sarxañapatakix mä escolta de shabiha sapa soldadotaqix utjäna, uk sapa mantiriruw churapxäna."
"Durante esta conversación virtual, reunimos a expertos y otros profesionales para compartir sus experiencias, desafíos e historias de éxito:","Aka aruskipawinx tantacht ’ aptw yatxatatanakaru, ukat yaqha yatxatirinakarus kuna luräwinakat yatiyatarakiwa, ukjamat mayacht ’ asipxasp aka wakicht ’ at amtatxa:"
"México: ""Reforma que de educativa no tiene nada""","México: ""Reforma educativa ukax janiw kuananikisa"""
Venezuela: Capriles cerró su campaña con manifestación masiva en Caracas,Venezuela: Capriles jilax Caracas marakan campañap jist 'antawayxi
¡Las leyes y regulaciones han quedado seriamente rezagados del desarrollo de las cosas!,¡Internet-ax janis yatiykipasiñatak walikasp ukjamaw kamach taypin uñjasiwayi!
El chileno Max Barata (@MaxBarata) comentó con humor:,Chileno Max Barata (@ MaxBarata) ukax akham arst ’ atayna:
"No se ha cerrado un ciclo, hay buscar más #verdad y #justicia.","Janiw mä pachax tukuykiti, chiqamp justicia-mpix juk ’ ampiw thaqhaña."
¡Únete a nosotros!,¡Nanakamp chikancht 'asipxam!
La población empezó con las labores de limpieza de inmediato.,Markachirinakax jank ’ akiw qut q ’ umachañatak sartasipxi.
"¿Ha habido mejoras en la calidad de las noticias que se ofrecen? ""","Uka yatiyäwinak uñt ’ ayatak uksanx utjpachat markachirinakatak aski yatiyäwinakaxa? """
Economía,Qulq apnaqäwi
Pusimos fin a cuatro décadas de corrupción en el sector de los fertilizantes a los 90 días de mi toma de posesión como ministro.,Pusi tunka mara fertilizante-nak tama ñanqhachäw 90 urunak saraqkipan irpirit utt ’ ayasitat tukt ’ aytana.
Él fue demandado por un restaurante por una reseña que publicó en su blog.,Jupax mä restaurante ukat demandatanwa blogupan mä reseña puwlikatapata.
"Tras convertirse en jefe de la oficina de información del Hospital Regional Dnipropetrovsk, Sukhomlyn decidió aprovechar su exitosa experiencia allí y lanzó las cuentas de medios sociales para compartir noticias sobre el hospital, incluyendo eventos, empleos vacantes, la llegada de nuevos equipos, etc.","Kunawsatix Sukhomlyn Hospital Regional Dnipropetrovsk ukan p ’ iqinchirix ukhaxa, kunanakaxay ukan yatiqchixa, ukanak sarayañ munäna, ukjamarak medios socialesan ukan uñt 'ayatayna, kunatakix qullañ utan uñt ’ awinakapa, ukampirus kamachawinakapa, irnaq utjäwipa, machaq yänak puritapa ukat yaqhanakamp kun yatiyañ munapxäna."
Algunos usuarios de Weibo lograron acceder al post censurado y a las fotos.,Yaqhip Weibo ukan apnaqirinakapax uka censurat qillqatar fotografias ukanakar mantañx atipxänwa.
"También, Gabo por el mundo nos muestra una selección de imágenes al igual que consejos de como llegar y donde hospedarse.","Ukhamarakiwa, Gabo uraqpachat ajllt ’ at jamuqanak ukhamarak iwxäwinakamp kunjam puriñamp kawkir qurpachasiñamp uñacht ’ ayistuxa."
Su padre afirma que la cárcel le supone una tortura debido a sus problemas de riñón.,Tatapax mutuñ utax jan walt ’ añ utawa ukatx wawapan maymururt usutatapat wal llakisi.
Dirige desde atrás — y deja que otros crean que están al frente.,Qhipaxat apanaqama — ukatx antutam yaqhanakar nayraqatar apañapa.
"Cuando se produjeron las inundaciones, hubo pánico en el país... yo no me inquieté.","Uraq jithiwitatxa, wali mulljasïwiw markan uthäna … nayax janiw mulljaskti."
"En ese momento dice ""nunca tuve vacaciones.",Uka pachax “janiw samarkayati janiw markaxarux miskitikti ” ukham sani.
A continuación se muestran tres de las películas ganadoras.,Jichhax kimsïr atipirinakat mä película uñjayapxama.
Existen aplicaciones y plugins desarrollados por terceros para ayudar a que los hablantes nativos se sientan más cómodos con sus smartphones.,Utjiw apnaqäwinak ukhamarak plugin-nanaka kimsirinakan lurata nativo-nakar yanapt ’ añatak ukat jasak smartphones. apnaqapxañapataki.
Colombia: entrar a internet en Alemania,Colombia: Alemania markan internet ukar mantaña
Las reacciones han sido diversas.,Amuyunakax mayj mayjanwa.
"Al escribirlo nos recordó que los presos también son personas. """,Jist ’ antatanakax jaqipxarakiwa sasina ”.
"Conversé con ella bastante informalmente y en el siguiente corto video pueden verla (y oirla) hablando sobre Global Voices, traducciones e idiomas:","Jupampix walja pachaw aruskipt 'apta, ukatx jumanakax ist 'apxasmaw uka video, Global Voices uksan kawkïr arunaks jaqukipiritan ukanakxat arxayt 'aski:"
Paraguay: La muerte de Lino Oviedo y sus consecuencias,Paraguay: Lino Oviedo jiwawipat ukhamarak jan walt 'awinakapata
"Estas declaraciones se producen días después de que El País publicara unas fotos de hace 20 años, en las que el presidente de la Xunta Galega, Alberto Núñez Feijóo (Partido Popular) apareciera con el histórico contrabandista Marcial Dorado, actualmente en prisión.","Aka arusiwinakax qhipa urunakaw uñsti, janira El País ukax 20 maranakan jamuqanak qhanstaykan ukja, Xunta Galegata irpiri, Alberto Núñez Feijóo (Partido Popular) jupax Marcial Dorado uka nayra sarnaqäw kuntrawantistampiw uñstäna, jichhürunx wat ’ añ utankiwa."
Las fotos se reproducen con autorización del artista.,Aka futunak jist ’ art ’ asmaw aka jaqin amtawipimpi.
Actualización (7 noviembre 2012):,Actualización (7 uru lapaka phaxsita 2012):
"No me juzguen por mis éxitos, júzguenme por cuántas veces me caí y me volví a levantar.- Nelson Mandela","Jan juchachapxistati lurawijanakata, juchachapxita qawqxkutis jaquqtatatha ukhamaraki qawqxkutis sartastha.- Nelson Mandela"
Esto no es ciencia ficción.,Akax janiw samkakiti.
No dejen de informarse.,Janiw aka yatiyawix jaytañamakiti.
Es todo lo que queda ahora.,Ukakiw jichhax utjxi.
¡¿Saqueadores?!,¡Lunthatanaka!
Muchos de estos productos están sobrevalorados (podéis ver el contrato aquí).,"Waljanakaw sapxi, sinti irjatatawa (kuntratu uñjatasma akana)."
"Los empleados del metro abrieron una puerta lateral para que la gente buscara refugio, pero terminó por crear un embudo donde la gente estuvo atrapada inhalando gas.","Metron irnaqirinakax maysatuqin mä punku jist ’ arapxana, ukjamat jaqinakax imantasipxañapataki, ukanx jaqinakax jan kawksar mistsuñ utjipan katjatapxanwa, ukat gases ukamp antutatapxanwa."
"Teniendo esto en cuenta, os ofrecemos una serie de ejemplos que muestran cómo algunas personas celebran y comparten con los demás su lengua materna a través de vídeos en línea y de páginas web.","Akanak uñt ’ kasax mä qawqha uñt ’ awinak uñt ’ ayapxama, kunjamati yaqhip jaqinakax yaqhanakamp tayka arup videos en linea ukjamarak pagina web tuqi uñt ’ ayapxi."
"Los participantes siguen tuiteando sobre los temas a discutir en muchos idiomas usando la etiqueta #AB11, y el blog de conferencia seguirá publicando actualizaciones.","Chikancht ’ asirinakax kunayman arunakana, kunayman t ’ aqanakatx tuytiyasipkakiwa etiqueta # AB11, ukatx blog ukax jichhakipstayawinakatx uñt ’ ayaskakiniwa."
Danielle Lauren es la directora creativa y ella nos explicó lo que está apunto de pasar y de qué manera todos podemos participar.,"Danielle Lauren jupax irpiriwa, ukat jupax uñt ’ aychistuwa, niyaw makiptani ukatx kunjamats taqin chikanchasna sasina."
Hay algunas herramientas en línea que pueden serles de gran ayuda.,Ukatakix thakhi yänakaw (herramientas en línea) yanaptasiñatak utjaski.
El ecosistema del Monte Kenia suministra agua directamente para más de dos millones de personas.,Ecosistema sat Monte Kenian utjki ukatw chiq umx päwaranqa waranqa jaqinakatakix utji.
Canción rap tunecina se convierte en un himno para la juventud,Rap tunecina jayllawix mä q ’ uchuw waynanakatakix tukuwayi
"¡Mundo, les enseñamos a vivir!","¡Uraqi, jakañ yatichasipxsmawa."
La siguiente historia desvela sus primeros días y los de otros emigrantes árabes en Brasil y América Latina.,"Ukatxa, nayrïr urunakat ukat jaqha árabenakat Brasil markat ukat América Latina markat aka sarnaqawix uñacht ’ ayi."
"Para alguien que vive con drogadicción, convertirse en paciente de terapia de sustitución implica cambios significativos en su vida.","khititi drogadicción ukamp jaki ukatakixa, terapia de sustitución ukhamaw tuku ukax sañ muniwa, jakäwipan turkakiptawinakaw utjani sasa."
He estado realizando todo ello porque me encanta traducir diferentes lenguas.,"Walja castillanu, francés ukatx ingles arut qillqatanakw aymar arur jaqukipawayta."
"Hector Pappa (@hectorPappa) tuiteó que en el Vaticano están de fiesta, y para Felipe CQ (@FelCul) el único gol del partido fue del papa.","Hector Pappa (@ hectorPappa) tuytiyiwa Vaticano ukanx phunchhawinkasipkiwa, Felipe CQ (@ FelCul) arst 'arakiwa mä anatawin atipjawix papan atipjatapawa."
Wikipedia en guaraní,Wikipedia guaraní
"Wikitongues es un nuevo proyecto con el que se espera documentar los 7,000 idiomas del planeta.","Wikitongues ukax machaq amta-wakichäwiwa, ukat uraqpachan 7,000 arunak qillqantañw suyi."
La marcha de hoy por la reforma educativa puede ser seguida mediante transmisión en vivo via Ciudadano Inteligente y Sentidos Comunes.,Reforma educativat sartasiwix Ciudadano Inteligente ukatx Sentidos Comunes ukanak tuqiw wayrar uñt 'ayataski.
"Karaitiana Taiuru, activista del idioma māorí y de tecnología, brinda la letra del himno en su blog:","Karaitiana Taiuru, activista del idioma māorí arun ukhamarak tecnología ukan activistax q ’ uchun qilqatw blogupan uñt ’ ayi:"
@acarvin: Gaddafi: se han llevado a la gente joven lejos de sus familias y les han dado alucinógenos.,@ acarvin: Gaddafi: wayna jilatanakaruwa janchi masipanakata jithiqayasina yaqha amuyumpi p ’ iqiru uskuntasina apamuchutayna.
Cualquier usuario puede subir noticias (noticias falsas y sátiras son bienvenidas) así como fotos relacionadas con las noticias.,Kawkir uñakipiris ukar mantakispaw ukat yatiyäwinak (jan chiqanak ukhamarak sawka yatiyäwinaksa) ukhamarak yatiyäwinakat jamuqanak apkataspawa.
"Monte Kilimanjaro, Tanzania","Monte Kilimanjaro, Tanzania ukana"
"Ella describe dicho índice de fracasos como ""asesinato en masa"".","Jupax taza de fracaso uk ""taqpachan jiwayatapkaspas"" ukjamarak amuyi."
En momentos como este doy gracias por los medios sociales.,Ukat akjamanx medios sociales ukanakaruw yuspajar churata.
"“El estudio señala que el 61% de los mexicanos utilizan redes sociales, pero solo el 20% usa Twitter.","Ukat “yatxatäwix uñacht ’ ayiwi, mexicanonakax redes sociales ukx 61% ukj apnaqapxi, ukatx Twitter ukx 20% ukjakraki."
Cuando estoy escribiendo algún post no tomo traducciones.,Janiw kuns uka tukuyañkamax kurkti.
gvenespanolvideos(arroba)gmail(punto)(com),gvenespanolvideos (arroba) gmail (punto) (com)
Nicolás Martínez (@diarionocturno) y otros han estado jugando con el lema de la campaña:,Nicolás Martínez (@ diarionocturno) ukat yaqhanakampix sapxiwa aka lema campañat anatasipxiwa:
Lo primero a hacer es ir a nuestros eventos o participar en los talleres y proyectos.,"Nayraqatax wakisiw luraña, jiwasanakan jikthaptäwinakasar saraña, ukats wakichäwinaka, yatintawinakar mayachasiña."
"Al contrario, las muestra como participantes activas y líderes; de sus familias y comunidades, no son víctimas, sino héroes.","Jan ukaxa, wila masinakapat jisk ’ a markanakapat irpirinakjam ch ’ amanchirinakjam uñachapxi. Janiw victimapxkiti, jan ukast yanapt ’ irinakapxiwa."
Con esto se retomó el problema de la contaminación del lago de Valencia y los insuficientes trabajos de saneamiento.,Akamp jaqinakax Valencia qut q ’ añuchawit ukhamarak jan tukuyat saneamientonakat phiñasipxarakiwa.
"Unas 12 horas después, el fuego seguía, las cuatro unidades generadoras de energía de la planta quedaron destruidas y los 12,000 habitantes han quedado sin calefación, agua caliente y electricidad.","Niya 12 pachaw makiptxäna, ninay naqhaskakinwa, planta uksanx pusi unidades generadoras de energía ukhaw jan walt 'ayat uñjasïna, 12,000 jaqinakaw jan calefación, junt 'u umani ukat electricidad ukanakan jikxatasipäna."
"El tayiko ya tiene una creciente presencia en Wikipedia, con 10.864 artículos, más que el turcomano (4,765), pero menos que el kazajo y el kirguizo, (ambos en torno a 25.000) y muy por detrás del uzbeco (120.882).","Tayiko uka arux Wikipedia uksan utxiwa, 10.864 qillqataw utji, turcomano ukats jilt 'atawa (4,765) ukhakiwa, ukampirus kazajo ukat kirguizo, (paypach arux 25.000) ukha qillqataniwa, uzbeco uka arux (120.882) ukha qillqatanirakiwa."
Esta publicación es parte de nuestra cobertura especial de la Revuelta del Vinagre en Brasil.,Aka qhanstayäwix Brasil markan Revuelta del Vinagre ukan yäpar askinjam chiqancht ’ atawa..
Una pregunta que surge a este propósito es... ¿quien tiene derecho de escuchar Houmani?,"Ukat mä jiskt ’ awiw aka tuqiru utjawayi, akham sasa: khitis derechoni aka jayllawi ist ’ añatakixa."
"San Lorenzo celebra al papa Francisco, su hincha más sagrado",San Lorenzo ukax papa Franciscorux wal jallallt 'i
"Flashmob en Berna, Suiza:","Flashmob Berna uksana, Suiza:"
"Foto:Calé, publicación autorizada","Jamuqa: Calé, qhanstayäwix yatiyatawa."
"excelente, me dieron ganas de viajar!!",Turismo uksat yatiyäwinak enlaces ukanak katuqi.
Este post es parte de nuestra cobertura especial Relaciones Internacionales y Seguridad.,Aka post qilqatax Relaciones Internacionales ukat Seguridad ukxatawa.
Estamos a la espera de datos oficiales.,Suyasipktwa qhip qhipa suma yatxatata yatiyäwi.
"Además de la corrección de texto y el formateo de las traducciones, Victoria ha sido responsable de reclutar y coordinar el equipo de traductores voluntarios.","Ukampirus qilqat uñakipasa ukhamarak chiqapar uñt ’ ayasina, Victoria kullakax apthapisin ukharak iyawst ’ ir jaqukipirinakar mayacht ’ as aruskipt ’ asin irpjaruski."
El vídeo muestra a niños jugando -mientras que en el fondo las explosiones continúan.,"Qhipan bombanakax jalaqasipki, ukhampach wawanakax piqump anatasipkirakiwa, uk videonx uñachayi."
Cabe aclarar que el enfoque que se da al tema es abierto.,Wastat qhanañcht ’ añani kunatxay parlapchit ukax jist ’ aratawa.
"Pro SABANA es un programa de cooperación e inversión en el que participan tres países: Brasil, Japón y Mozambique.","Pro SABANA ukax mä wakichäwiw yanapt ’ añatak ukat mayjt ’ ayañataki, ukankapxiw kimsa markanaka: Brasil, Japón ukat Mozambique."
Respetemos y valoremos esta postura altruista y compasiva.,Aka wakiskir amuyunak llamp ’ u chuymamp chaninchasyaqapxañäni.
ada vez se hace más visible la información—la gente ahora tiene mucho menos miedo a ser informada.,apa kutiw juk ’ at juk ’ at jaqinakax yatiyawinakarux jan axsarapkxiti.
Se solicitó a las organizaciones políticas no llevar pancartas políticas.,Política tamanakarux jan política pancarta-nak mayisa.
"Runa Kuti, indígenas urbanos, dirigido por Paola Castaño y Dailos Batista Suárez, ha participado en varios festivales de cine y, para hacer llegar el mensaje a la mayor cantidad de gente posible, lo han registrado bajo licencia Creative Commons.","Runa Kuti, jach ’ a markan indígenanaka, Paola Castaño ukat Dailos Batista Suárez jupanakat chiqancht ’ atawa, cinetuqin festivalax utjik ukan chikancht ’ asipxiriwa, walja jaqir puriñatakix Creative Commons uka licenciarjam lurt ’ atawa."
"Como cada año, la Organización para la Cooperación y el Desarrollo Económico (OCDE) celebrará su Foro Global sobre Desarrollo en París los días 4 y 5 de abril de 2013.","Sapa narawa, Organización para la Cooperación ukat Desarrollo Económico (OCDE) satak Foro Global sobre Desarrollo Paris tuqin uruyäsini, aka 4 ukat 5 urunak saraqkipan qasäw paxsita 2013 marana."
"El gobierno filipino lanzó recientemente Budget ng Bayan, el sitio web para promover la transparencia y el buen gobierno en el país.","Filipinonkir jilir irpirix jicchakiw Budget ng Bayan uka apsuwayi, markan qhana apanaqaw uñt 'ayañatak mä sitio web uksa."
Las autoridades deberían responder esa pregunta.,Jilïr irpirinakax akatuqit qhananchapxañapawa.
"Según el programa elaborado, el taller transcurrió de la siguiente manera:",Wakichäwi wakt 'ayatrjamax akhamatw sarantayatäna:
"@themoornextdoor: Está leyendo un libro: no hay nada escrito en las páginas, se lo está inventando todo al mismo tiempo que habla","@ themoornextdoor: ullarasktawa mä panka: janiw kuna qillqatasa utjkiti uka jakjuwinxa utjkarakisa, kuntix jupapacha parlki ukakiw inäski"
"Eliana Quiroz, una conocida activista digital, comentó en una discusión abierta en la campaña de la página de Facebook “Más ancho de banda para Bolivia ”:","Eliana Quiroz, mayni activista digital ukham uñt 'ataxa, arst 'awayiwa Facebook ukan “Más ancho de banda Bolivia suyutaki ” sasina:"
"También hay personas que hablan aymara en partes de Chile y Argentina, así como también aymaras que viven en el extranjero.","Ukapachaparakiw Chile, Argentina markan aymarat arst 'apxaraki, ukhamarakiw anqaja markan aymar arst 'asirinakas arst 'apxi."
Los blogueros han acudido a internet para debatir la propuesta.,Blogerunakax internet tuqiruw uka amtat aruskipañatak sarapxi.
"En esta presentación, dos líderes de la ciudad de Santa Cruz hablarán sobre sus experiencias en la creación de estas conexiones para hacer que las cosas sucedan.","Aka uñt ’ ayawinx pani p ’ iqinchirinakaw Santa Cruz markat uñjäwinakapxat arst ’ awayapxi, kunjams aka machaq uñstawinakax jan walt ’ aw apanispa ukanakxata."
"Báoding, Hebei","Baoding, Hebei"
"Cataratas Victoria, Zambia y Zimbabwe","Cataratas Victoria, Zambia, Zimbabwe uksan jikxatasi"
También estamos en...,Ukapachparakiw akankataski...
"El nuevo papa, Jorge Bergoglio, es argentino","Machaq papa, Jorge Bergoglio, argentina markata"
"En la última década, el equilibrio de poder ha cambiado en América del Sur.","Qhipa maranakanxa, América del Sur uksanx jikjathäwix mayjt ’ iwa."
Sigue perdido.,Chhaqhatakiskiwa.
"En cambio, el bloguero Karol Šebo es optimista:","Maysatxa, Karol Šebo bloguerux janiw jan pachasirikiti:"
"Saqueé medicina para la Cruz Roja, leche y comida para los niños.","Qullanak Cruz Roja, leche, manq ’ añanak wawanakatak apsta."
"No necesitamos su ayuda, Allah está de nuestra parte.","Janiw yanap munapkti, Allah ukax jiwasmp chikawa."
Una mirada a las propuestas para microfinanciamientos de Rising Voices,Amtanakar mä uñtäwi Rising Voices ukan microfinanciamientupataki
Estas son las imágenes oficiales grabadas de un programa del canal estatal IRIB 1:,Akanakaw mä wakichäw canal estatal IRIB 1 nut waraqat khuskt ’ at jamuqanakaxa:
Están acostumbrados a los ruidos de la guerra.,Jupanakax yatitaxapxiwa ch ’ axwaw taypina.
meylou también ha mostrado su apoyo a los afectados:,Meylou jupax uñist ’ ayarakiw yanapawipxa llakir puririnakaruxa:
"La conversación en directo pudo seguirse usando la etiqueta #tpv12 para preguntar, participar en encuestas y charlar en diferentes idiomas con los que cubren el evento.","Aruskiptawin jist ´ añatakix, encuestanak wakt ´ ayañatakix jan ukax kunayman arunakat aruskipt ´ añatakix # tpv12 uka chimpumpiw mantapxäna."
"No obstante, este problema no es exclusivo de Nigeria.","Ukhamapansa, aka jan walt ’ awix janiw Nigeria markankakiti."
¿Y si el Perú apostara por la tecnología como eje del desarrollo económico y social?,Perú markax tecnología qulqinchäwi ukan nayrar sartañapatak amuyt 'asp ikhasti?
Wadner Pierre reflexiona sobre el terremoto de 2010 en Haití y considera la mejor manera de avanzar.,Wadner Pierre jupax kuna Haití markan khä 2010 maran uraq khatahatäwix utjkan ukxatwa amuyt 'i.
Mujeres jovenes hablan de economía pidió que mujeres de cuatro países distintos hablaran de sus pensamientos sobre diversos temas económicos.,"Tawqa warminakax qulqi tuqitw arusipxi ukatx mayt ’ iwa, pusi markanakatx warminakan qulqi tuqit arst ’ apxañapa."
Medios ciudadanos en #GV2012.,Medios ciudadanos en # GV2012.
"Por ejemplo, Open Labs traduce los TED Talks y los proyecta.","Akhama, Open Labs ukax amtarakiw ukatx TED Talks uks jaqukiparakiwa."
Chile: los 'sin casa' de Santiago,Chile: Santiago markan jan utaninakxata
Los jóvenes chinos temen acabar teniendo que mantener a los jubilados del gobierno.,Chinankir waynanakax awk taykanakar payllawipanakatak gubiernur yanapt ’ añ asxarapxi.
Defendemos un internet libre y abierto.,Internet ukax libre ukhamarak abierto ukhamañapatakiw arxatapxta.
"De momento, la casa no ha sufrido daños.",Uka pachanxa utax janiw kuna kamachañxamakisa.
Commons permite subir fotos desde una variada selección de telefonos y navegadores a traves de la versión movil de proyectos de Wikimedia.,Commons ukax kunayman telefonos ukat navegadores versión movil de proyectos de Wikimedia uksatuq phutunakam apkatañamatakiw aski.
"Atención, este video tomado hoy muestra la próxima tragedia que ocurrirá.",Aka videonx jan walt ’ awiw uñachayasiniwa.
"Porque ser libres no es simplemente arrojar las cadenas, sino vivir de una manera que se respete y aliente la libertad de otros.","Kunalaykutix p ’ iqinchiriñax janiw llaythatakikiti jan ukasti wali qamasan jaqitakiwa, ukhamarakiw wali yaqat ukatx suma jakañasa."
"La mayoría de la música fue encontrada a través de OpSound.Org, The Free Music Archive o directamente de los artistas.","Jilpach jayllintawinakax aknirinakan jikxtata OpSound.Org, The Free Music Archive jan ukax jayllintirinakrus jikxatatarakiwa."
"Cuando me llegue el turno, si Cata cuestiona la lógica de la cadena alimenticia, no tengo idea de lo que le diré.","Kunawsatix nayar wakt ’ kitan ukjaxa, Cata -tix manq ’ añ tuqit phiñasin ukhax janiw kuns sañ atkati."
Entre los muchos temas que se tratan está el del impacto de los miles de millones de dólares que salen ilícitamente de África gracias a la lentitud del proceso de reducción de la pobreza.,"Africa uksat qullqix ukhamakiw mistuski uka wakisi kunatix reduccion de la pobreza ukax k ’ achak uksa markan wakisi, uka amuyunaka aka yatiqirinakax amuyt ’ apxi."
"Nasrin Sotoudeh, fuente: http://ahurai.com/social","Nasrin Sotoudeh, source: http: / / ahurai.com / social"
Los ciudadanos reaccionaron a la campaña inmediatamente en las redes sociales.,www.bolivia.travel web portalax campaña ukamp chikancht 'asitawa.
Fotografía tomada por Josephine Tsang.,Photo taken by Josephine Tsang.
"De acuerdo a los usuarios, los problemas son intermitentes y les están impidiendo entrar a sus propios escritorios y a sus propios blogs.",Usuario tuqinakatx sapxiw aka jan walt ’ awinakax apnaqirinakataw sasa ukampirusa jark ’ aqiw jupanakan mantañapx pachpa programaparu ukhamaraki blogs ukarusa.
"Periodista de profesión y madre de dos niñas, Paulina trabajó en Argentina, Nicaragua, Ecuador y Colombia en temas de desarrollo, derechos humanos, género y comunicaciones.","Periodista ukhamarak pä wawani, Paulinax Argentina, Nicaragua, Ecuador ukapachparakiw Colombia markanakan desarrollo, derechos humanos, género ukatx yatiyawinakxat irnqt ’ awayi."
"Guatemala ha sufrido varias replicas desde el 7 de noviembre, incluyendo un terremoto de magnitud 6.5.",Guatemala markax 7 urutpach lapaka phaxsin mä 6.5. ukha ch ’ aman uraq khathatiwin jan walt ’ ayat jikxatasi.
Una vez puesto el botón en sus blogs debe referenciar a este post.,Ma kut butun blogas ukapar uchxatatsti yatiyañapawa aka post tuqirux.
El ritual que lo acompaña de poner dinero bajo el plato simboliza el deseo de nuevas dádivas.,"Ukanx waxt ’ ax qullqimp chikancht ’ asaw palat manqhaxarjam waxt ’ aña, ukax machaqat jakaw khuskhat utjañ sañ muni."
Los manifestantes que luchan para salvar al lago Urmia en Irán de un daño ambiental permanente no se han rendido.,Sartasir jaqinakax Urmia quta q ’ añu pachat qhispiyañatak Irán-tuqin janiw atipayasipkiti sayt ’ asiskapkakiwa.
"Nuestros detractores querían que el mundo creyera lo contrario, que la crisis alimentaria era inminente.","Jiwasar k ’ umirinakax janiw ukhamakit uka uraqpachar uñast ’ ayañ munapxäna, manq ’ a jan uthawix uthapinirjamawa."
¡Ven en bici con nosotros!,Jiwasamp wisiklitamar kachxätam
@ottoperezmolina: Se trabaja para poder brindar ayuda a las personas afectadas.,@ ottoperezmolina: Irnaqataw jan walt ’ añan jikjatasipxi jallukanakar yanapt ’ añataki.
"Siendo una traductora voluntaria realmente me siento feliz, y estoy con esas ganas de seguir continuando.","Ukham jaqukipäwin yanapt ’ asirjamax wali kusisitätwa, ukatx nayraqatar sartañ amtampix sarantaskakiwa."
Este artículo es parte de nuestra cobertura especial de Olimpiadas de Londres 2012.,Aka qilqatax Olimpiadas de Londres 2012 jall ukxatawa.
La última vez que se la vio fue cerca de la selva mientras llevaba al ganado familiar de vuelta a casa.,"Mä qullu k ´ uchuta, utapat kimsa patak mitrun t ´ aqaxtataru uka imill wawan amayapax jikisiwayi."
"La policía pasa por contenedores de basura en llamas, pues algunos empezaron a vandalizar edificios en la avenida Presidente Vargas.","Pallapallanakax t ’ una uchañanak nakhan ukanjam makipawayapxi, yaqhipanakax jach ’ a utanakar yanqhachañ Presidente Vargas uka jach ’ a thakinx qalltapxana."
Y luego se van a dormir sin cenar:,Ukatx jan jayp 'ux manq 'ataw ikxapxani:
El sitio web de Toustodo's Blog explica con referencia al solsticio:,Sitio web de Toustodo 's Blog ukanx solsticio ukxat qhanancht 'i:
"Y bueno, esperamos su apoyo, colaboración y participación!","Ukhamaw suyasipsma, yanapawimanak ukar chikanchasipxañamataki!."
La palestina Ola Anan tuitea:,Palestino-nkir Ola Anan-ax akjam siwa:
"El caso generó gran indignación en los medios sociales donde muchos usuarios pidieron que el Ministro de salud, Abdullah al-Rabeeah, renunciara a su cargo.","Akham yatisinx markachirinakax walpin phiñasiwapxanxa ukhamarakiw mayiwapxana aka Ministro de salud, Abdullah al-Rabeeah, jupanakaru irnaqaw jaytawayxapxañapataki."
Los documentos de presupuesto y los gastos del estado son publicados en el sitio.,Estadut qawqha chinis apt 'atäni uka qilqäwix sitio ukanw uñt 'ayasi.
Foto de LuisCarlos Díaz en Flickr (CC BY-NC 2.0),Jamuqa LuisCarlos Díaz ukata Flickr uksana (CC BY-NC 2.0)
"Otros tienen ""miedo"" de meterle la mano a las leyes tributarias o piensan que una reforma sería algo demasiado complicado y/o costoso.","Yaqhipanakax asxarayasipxiwa kamachinakar ampar luqantaña, reformax qulqitakispaw jan ukax ch 'amaspaw sasina."
Pero aprender el español nunca me pareció así.,Español aru yatiqañaxa nayatakixa wali askinwa.
Haga clic en cada imagen para verla a tamaño original.,Sapa jamuqar (imagen) limt 'am (clik) sumpach uñjañataki.
Ecuador decreta tres días de duelo nacional por muerte de Chávez,Ecuador markax kimsür duelo nacional Chávez Jilïr irpirin jiwatapat uñt 'ayawayi
Esta publicación es parte de nuestra cobertura especial de la Revuelta del Vinagre en Brasil.,Aka qhanstayäwix Brasil markan Revuelta del Vinagre ukankirinakaw suma yanapt ’ asinipxi..
"Aunque fuera cierto, algunos ven la partida de Vorobiev como el último clavo en el ataúd de la vieja y rebelde estación de radio.","Ukampirus chiqaspan ukhax, yaqhipanakax amuyapxiw Korobiev ukan sarxapatax ma thantha clawukaspas jan wali radiokaspas ukhama."
"Para los periodistas, blogueros y comentaristas de todo el mundo, el 2011 ha resultado un año insólito.",Taqichaqan yatt 'ayirinakatakis blogger-runakatakis ukat arst 'irinakatakis 2011 marax suma maränwa.
"Matisse Bustos Hawkes, Witness y el poder del video","Matisse Bustos Hawkes, Witness ukatx video uka"
"Foto: Calé, publicación autorizada.","Jamuqa: Calé, aka qhanstayäwix yatiyatawa."
"Más adelante en ese mismo día, una entrada corta del blog reportaba que la ayuda del gobierno había llegado el 12 de noviembre.","Uka pachpa uru, mä jisk ’ a blog qillqatanx uñt ’ ayiwa gobierno uksat yanapax 12 uru lapaka phaxsit puriski."
Tiene gracia que los conviertan el ley: es como exigirles a las parejas que tengan una buena vida sexual después de casarse.,Suma chuymaw utji kamachiptayañataki: akampix walisun jakapxam sisksnas ukhamaw mä parijaruxa kunapachatix jaqichataxapxi ukhaxa.
"Formadora con experiencia en la producción de vídeos para comunidades, además de escritora de cajas de herramientas y guías para la formación en medios de comunicación dirigida a mujeres y a niños, también estudia el proceso de aprendizaje de estas mujeres.","Kunatix jupax wali kust ’ at yatintataw aka videos markanakatak lurañ tuqitxa, ukat qillqt ’ irirak ukhamarak khaysa medios de comunicación uka tuqinx warmitak, wawanakatak yanapiriw, ukhamarakiw aka warmin lurawipanak yatiqaski."
Mientras que otros como Ana (@AnaLargaespada) hablaron sobre posible negligencia:,"Ukch ’ añkamax yaqhipanakax arusipxanw janiw sum uñjatatapakiti sasa, kullaka Ana (@ AnaLargaespada) jupjama:"
Ellos ganaron la pelea al vencer a una leyenda.,Imagen disponible de dominio público.
Aquí está el mensaje de Javier Sicilia:,Akaw Javier Sicilian arunakapaxa:
El proyecto me pareció interesante porque me di cuenta que realmente la gente no hablaba mucho sobre lo que estaba pasando en las localidades rurales.,"Nayatakix aka amtäwin wali askiwa, ukampirus amuyaraktw jaqinakax janiw kunas makipask pata tuqinakanx ukx yatiyapkiti, yamakis yatiyaw taypinkirinakaxa."
Timothy Straight puede también ser seguido en Twitter en @timothystraight.,Timothy Straight ukax Twitter @ timothystraight ukan arktataspawa.
PREÁMBULO,QALLTÄWI
Camerún: ¿Y si no votamos el 9 de octubre?,Camerún: 9 uru taypisata phaxsin jan chimpuntapksna ukhasti?
Islandia de luto tras primer caso de hombre asesinado por la policía,Islandia jikxatasiw ch ’ iyarata kunalaykutix mä jaqiw pallapallanakan illapt ’ at uñjasi
"Los mineros manifestaron su sorpresa por fuerte la movilización que lograron, hecho que añadió intensidad a la que es conocida en las redes como la #nocheminera.","Ukanx jaqinakax walpin yanapt ’ asipxi. Uka arxatasir jaqinakax minirunanakar t ’ axllirapxi, wali sum katuqapxi ukhamarak himnop jayllipxirakiwa."
Esta publicación es parte de nuestra cobertura especial: Reformistas a juicio en Arabia Saudita,Aka qillqatax jiwasan coberturasxatawa: Reformistas a juicio Arabia Saudita markana
Foto compartida en Twitter por @mexboby,Foto compartida en Twitter por @ mexboby
"La respuesta a esta pregunta es ""nada"".","Aka jiskt 'an jaysapax akawa ""janiw kunasa""."
Las consecuencias del daño al medio marino son enormes.,Ñik ’ ut khuchutanakax petróleo ch ’ amsuñapatakiw walïni..
"Y claro, ya sabemos que la papa y la harina, no son excesivamente caros.","Chiqpachans yatxaptanwa, ch ’ uqimp jak ’ umpix janiw anch jila chaninïkitixa."
Romney piensa que Siria es una oportunidad.,Romney Siria mä (oportunidad) ukjamakaspas ukjam lup 'i.
Por varios años ellos han afirmado haber bloqueado y filtrado millones de sitios web y blogs.,Walja maranakaw jupanakpach sapxi walja patak sitios web ukan filtratapa ukhamaraki blogs ukanakan turkakipawinaksa.
¿Cómo haces para que te alcanze el tiempo para traducir y escribir?,"Kunjams aru jaqukipañataki, qilqañatak pacha apsta?"
"Se ha lanzado un concurso anual para que el público vote las siete mejores maravillas naturales de África, con la votación actualmente en progreso.","África markan jaqinakax chhijllapxaspaw paqallqu kust ’ at maravillas naturales utjki jallukanakataki, ukatw mä atipasïw maran mäkut mistsu."
Fotografía de Tigerątko Kao,Photo taken by Tigerątko Kao
"Hace poco organizaron con éxito en Bogotá el I Congreso Nacional de Mujeres, Tecnología y Cultura Libre.","Uka nayrjakiw Bogotá markan I Congreso Nacional de Mujeres, Tecnología ukat Cultura Libre ukax wakt 'ayatäna."
"Voces de Dignidad está disponible en español, y pronto también en árabe.","Voces de Dignidad ukax en español arun utji, uñstuskiwa."
Convocatoria: campamentos TIC para cambio social en Nicaragua y Guatemala,Jawillt 'äwi: TIC uka apnaqäwinakatak Nicaragua ukat Guatemala markanakan jikthaptäwinaka
Puedes leer y descargar los documentos filtrados del SSI mencionados en este artículo a través de los siguientes enlaces: - Comunicados internos del Organismo de Seguridad del Estado acerca de Finfisher – Enlace. - Oferta comercial de Gamma International a la Seguridad del Estado – Enlace - Comunicados Internos del Organismo de Seguridad del Estado acerca del monitoreo de SMS – Enlace,Jumax ullañatakix apaqasmawa kunatix imataki khaysa SSI jiski uka qillqatanakaxa: apaqasmawa akirinakata: - Comunicados internos del Organismo de Seguridad del Estado Finfisher uka tuqita – Enlace. - Oferta comercial de Gamma International a la Seguridad del Estado – Enlace - Comunicados Internos del Organismo de Seguridad del Estado SMS uka tuqita – Enlace ukanakat yatiyawinakx apaqasmaxa. Enlace
"En Khoy (en la foto), los manifestantes colgaron un cartel en un puente que dice ""la muerte del lago Urmia es la muerte de Azerbaiyán"".","Ukhamarus Khoy (jamuqana) uksanxa, sartasir jaqinakax mä jach ’ a laph mä chakar uskupxi. Ukax akham siwa: “Urmia quta jiwatapax Azerbaiyán jiwäwiwa ”."
Estamos viviendo como basura en un basurero... es sofocante aquí,"Nanakax q ’ añu t ’ unanakxamaw qhillapatana jakasipkta, janiw sumaki akan jakañaxa sasa."
Fotografía de Benson Tsang.,Photo by Benson Tsang.
Telemetro resume algunas frases del discurso presidencial:,Telemetro ukax juk ’ a arunakanw jilïr irpirin arunakap yatiyi:
Pero ¡hay buenas noticias!,"Ukatxa, aski yatiyawinakaw utji!"
Jóvenes latinoamericanos contra la corrupción,Latinoamerican waynanaka jani wali apnaqäwinakxata.
"La versión en inglés se publicó el 29 de mayo y en tres días se habia visto más de 900,000 veces.","Ingles arunx 29 uru qasawi phaxsin yatiyata, ukat kimsa urunx 900.000 ukjanakaw uñjata."
Hasta ahora hay un desborde de pesar por la familia de William en los medios sociales.,Jichhakamax mä jach ’ a llaki chuym ch ’ allxtayasiw William wila masi layku medios sociales utji.
"Sin embargo, algunos internautas todavía tienen preguntas sin respuesta.","Ukampirusa, mä qawqha internautanakax jiskt ’ anakaniskapxkakiwa."
"La versión en inglés se envía a la lista de correo de los subeditores, donde lo toma Kevin en Melbourne, Australia.","Inglés ukax mä lista subeditores ukan correonakaparuw apayi, kawkhanti Kevin Melboure, Australia ukax uñjaski."
La conclusión obvia — la única conclusión ahora — es que no lo desea.,Ukjamat jichhax mä sapa qilqa tukuyx janiw munkiti.
Los líderes no pueden darse el lujo de odiar. — Nelson Mandela,P ’ iqinchirinakax janiw añacht ’ atanakar munañapanakarjam uñiskasphasti. — Nelson Mandela
"La falta de privacidad, separación de sus comunidades de orígen, desempleo y un profundo dolor por la pérdida de sus seres queridos, ha sido una experiencia desgarradora para muchas víctimas que están física y emocionalmente exhaustas.","Jan utjkas sapak uñjasiñaxa, yuriw ayllunakapat jithiqatanaka, jan irnaqawin ukhamarak munat wila masinakapat jach ’ a chijimpi, walja t ’ aqhisit jaqinakatakix jach ’ a chiji jakawiw kunatix jupanakatakix janchinakapas ukhamarak chuymanakapas wali qaritawa."
"En el foro de discusión, Esteban Lima escribió:","Arsuñanxa, Esteban Limax qilqt ’ awayiwa:"
Honduras: Juez dicta órdenes de detención a periodista y ambientalistas,Honduras: Juez ukax yatirinakatak ambientalistas satak ukanakar jist 'antañatakiw jaysi
No fue una escalada común y corriente.,Janiw jskit mhatañaxa.
Pueden seguir las protestas masivas a través de las etiquetas #Shahbagh এবং #Shahbag.,Juk 'amp qhurut arsusiwinakx aknïrinakanw ist 'apxasma # Shahbagh এবং # Shahbag.
"Cuando las ideas se extinguen, todos nos empobrecemos.",Qhananchäwi Kunapachatix amuyunbakax chhaqhtk ukhax taqiniw pisinkapxtanxa.
"Una de las primeras expediciones en 1960, y una caminata hasta la cumbre en nuestros tiempos.","Mayïr uñichäwinakax 1960 mararuw kutti, ukat mä qullu patar saräwirakiwa."
Existen dos teorías conspirativas sobre este asesinato.,Jiwayawxat utjiwa pä amuyawi.
Ver la primera.,Nayrïr uñjapxama.
"El gobierno boliviano, las Naciones Unidas y varias organizaciones de prensa han condenado el ataque.","Boliviankir jilïr irpirixa, Naciones Unidas ukat walja organizaciones de prensa ukanakaw ukxat uñt 'ayi."
El parque recibe a más de 16000 visitantes al año.,Uka parkinx mä maranx 16000 ukja tumpir jaqinakw katuqapxi.
30 000 muertos son una oportunidad.,30 000 jiwatax mä oportunidad ukjamakaspas ukjamawa
Pescado frito típico preparado por los estudiantes.,Yatiqirinakan challwa kanka wakicht 'ata.
Mapa de los centros de evacuación del terremoto/tsunami en Japón.,Mapa de los centros de evacuación del terremoto / tsunami en Japón.
@jenanmoussa: es hora de comer aquí en #Aleppo.,@ jenanmoussa: # Aleppo ukan manq 'añax pachaxiwa.
Es por eso que el software de estos dispositivos móviles tiene que ser software libre - libre como en software libre no gratis como en cerveza gratis.,"Ukatwa, software libre ukjam uñjataxa, ukatx aka dispositivos unxtasirinakax software libre jan inaki, kunjamtix jisktan cerveza inaki ukjama."
"No los llamen saqueadores, escribe Martha Villarosa:","Jan lunthatanaka ukjam sapxamti, Martha Villarosaw qilltti:"
La educación es el arma más poderosa que se puede usar para cambiar el mundo.,Yatiqawix aka pachanx wali ch ’ aman saxaruwiwa mä marka apxaruñatakixa.
Ojalá así sea.,Inachay ukhamaspa.
"""Hablé con su padre en Damasco"", me dijo el líder.",Ukham jist`asixat jilir irpirix situ: “awkipamp Damasco uksan aruskipanim”.
"Y respecto a su muerte, concluye:","Jiwäwitapatxa, tukuyiwa:"
"Maria Fernanda Carrascal (@MafeCarrascal) imagina escenarios diferentes para Colombia, mientras acompaña su publicación con una imagen:","Maria Fernanda Carrascal (@ MafeCarrascal) jupax Colombia markatakix may may amuyt 'i, uka uñt 'ayawipanx mä jamuqampiw uñt 'ayi:"
La televisión estatal cubana transmitió un programa de televisión con más detalles sobre la reforma migratoria.,Televisión estatal cubana ukax mä wakichäwin reforma migratoria ukxat sumpach yatiyi.
Actualmente nos están pasando cosas grandiosas.,Jichhaxa sum sarnaqasipta.
La gente teme la escasez de alimentos. #Israel #Palestinians,"Manq ’ anak q ’ altaspa, uk jaqinakax lup ’ ipxi. # Israel # Palestinians"
"Independientemente de la resolución de la CIJ, las declaraciones democráticas y diplomáticas realizadas por todas las partes han reducido significativamente el riesgo de un conflicto armado entre las partes.","Kunti siskan CIJ resoluciónapanxa, kunti arst ’ kapx taqpach khitinakati aka ch ’ axwawinkapjix niyas janjamakiw kuna wali jach ’ a ch ’ axwawis jach ’ a ch ’ axwawis utjkaspati."
"‏@i3mmoor: Además de ser gratuito, el software de código abierto se puede modificar y no hay que pagar por las actualizaciones. #OpenEgypt.","@ i3mmoor: Jan kuna chaninitsa, sit ’ arat siña (código) software-xa mayjt ’ ayataspaw ukhamarak janiw kuna qulqs machaqptayatat churañäkiti."
Una de las pocas fotos públicas de Dennis Ritchie (1941-2011).,One of the few public photos of Dennis Ritchie (1941-2011).
"Mañana, se hará historia.",Jikisiñkama.
"Globo con las palabras ""esperanza en el futuro"", en la concentración.","The protest balloon signifies ""hope for the future"" in the rally."
"Según Diego Mendoza (@diegol_77), el triunfo de San Lorenzo fue el primer milagro del papa Francisco.","Según Diego Mendoza (@ diegol _ 77), San Lorenzo ukan atipjawix nayrir milagro ukax papa Franciscon atipjawipawa."
Que jueguen.,Anatappan.
"Después, salió de la ceremonia como protesta y un asistente al Consejo Nacional de Transición, el presidente Mustafa Abduljalil, le pidió a Sarah que dejara de presentar.","Ukat jupax ceremoniat thithit mistuwayx ukatatw Consejo Nacional de Transición mä yanapt ’ irixa, Mustafa Abduljalil irpirixa, kullaka Sarah sarak jan ceremonia sarantayjamt juk ’ ampi."
"A pesar de la situación estresante, Moussa mantiene su sentido del humor:",Moussa tatax wali k ’ uchhikiskiwa jan walt ’ awin utjatapatsa:
Lluvia,Jallu
Qué puedes hacer tú para mejorarlo.,Kuns lurañaspa taqikun juk ’ amp sumaptayañatakixa.
los peruanos usamos más palabras en quechua de las que creemos.,Wikipedia ukarjamax aka uñt ’ aw uñt ’ ayi:
"Twitter, una herramienta que convierte a los mexicanos en “corresponsales de guerra""","Twitter ukax mexicanonakarux “corresponsales de guerra"" ukanx mä uñanchirjamaw tuku"
"La reunión fue pacífica, antes que algunos manifestantes tomaran el edificio por asalto.","Tnatachäwix ch 'ujtatakinwa, sartasirinakat nayraqatax uka jach 'a utaruw mantapxani."
¡Basta ya de quejarnos!,Janiw juk ’ amp aliqak qhatusipxañaniti.
Aquí están:,Akankapxiwa:
Se puede leer lo siguiente:,Akaw ullart ’ asi:
"Las clases de arte se daban en los bosques hasta que bombardearon nuestras escuelas; a partir de ahí, las dábamos bajo tierra.","Bombardeyasiñkamax quqa taypinakanw artes ukx yatichapxäna, yatichirinakamp yatiqirinakampix pachpa trincheras satak ukw uñt 'ayapxäna."
¡Está bien!,¡askikiskiwa!
Tropas militares del gobierno durante un enfrentamiento con manifestantes.,Tropas militares gobierno uksat saratsirinakamp ch 'axwthaptawipa.
"Entre esos proyectos, Kannada-Hindi Keyboard permite a sus usuarios teclear desde mensajes a notas en escritura kanada y devanagari (maratí/hindi) de India, y Multiling Keyboard es una aplicación de teclado para Android que acepta alrededor de 130 lenguas.","Uka wakichäwinakatxa, Kannada-Hindi Keyboard apnaqirinakapar kanada ukhamarak devanagari arunakan (maratí / hindi) uñt ’ at India-na yatiyäwinak qilqañ atiyi, ukatxa Multiling Keyboard limintañatak Android-itak mä apnaqäw 130 arunak iyaw siwa."
"Isla Aldabra, Seychelles en FlickR por Johny Shaw (CC 2.0).","Isla Aldabra, Seychelles ukax Flickr ukana, Johny Shaw jupana (CC 2.0)."
"Lamentablemente, ahora la planta está definitivamente destruida, y es importante no permitir que el fuego se extienda a los edificios contiguos.","exbombero ukhamax sistwa, yatxatatanakati jank 'ak sartapxaspan ukhax askispanwa, ukatx wali askiw nina naqtaw jank 'a jiwarayañaxa"
¿Qué es lo verdaderamente importante?,Kunas chiqpach askipacha?
Fuente: página de Facebook de Yazan Homsi.,Fuente: Facebook uksana Yazan Homsi jupata.
